{"alpha":{"start":1,"end":0.22},"scale":{"start":0.08,"end":5,"minimumScaleMultiplier":0.5},"color":{"start":"#ffffff","end":"#ffffff"},"speed":{"start":600,"end":1000,"minimumSpeedMultiplier":1},"acceleration":{"x":0,"y":0},"maxSpeed":0,"startRotation":{"min":0,"max":360},"noRotation":false,"rotationSpeed":{"min":0,"max":0},"lifetime":{"min":10,"max":2},"blendMode":"normal","frequency":0.01,"emitterLifetime":100.1,"maxParticles":200,"pos":{"x":960,"y":540},"addAtBack":false,"spawnType":"point","spawnRect":{"x":0,"y":0,"w":1,"h":1},"spawnCircle":{"x":0,"y":0,"minR":1,"r":1},"particlesPerWave":1,"particleSpacing":0,"angleStart":0}