{"skeleton":{"hash":"Vwdh9Elx1LtYGOoKj1AvQz2LRbI","spine":"3.6.52","width":1978.32,"height":1875},"bones":[{"name":"root"},{"name":"Elemets_zoom_bone","parent":"root"},{"name":"BG1_bone","parent":"Elemets_zoom_bone"},{"name":"BG_light1_bone","parent":"BG1_bone","x":0.93,"y":118.69},{"name":"BG_light4_bone","parent":"BG1_bone","x":-14.32,"y":-79.43},{"name":"BW&Counter_Zoom_bone","parent":"root"},{"name":"Basement_Cloud_bone","parent":"Elemets_zoom_bone","x":50.32,"y":-300.99},{"name":"Big_Win_letters_bone","parent":"BW&Counter_Zoom_bone"},{"name":"Counter_bone","parent":"BW&Counter_Zoom_bone"},{"name":"Couple_Clouds_bone","parent":"Elemets_zoom_bone"},{"name":"Rays1_bone","parent":"Elemets_zoom_bone","x":33.2,"y":-337.07},{"name":"Rays1_bone2","parent":"Elemets_zoom_bone","x":33.2,"y":-337.07},{"name":"Rays2_bone","parent":"Elemets_zoom_bone","x":59.7,"y":-261.66},{"name":"Rays2_bone2","parent":"Elemets_zoom_bone","x":59.7,"y":-261.66},{"name":"bg_fade_bone","parent":"root","scaleX":275,"scaleY":270},{"name":"cloud_01_bone","parent":"Elemets_zoom_bone","x":-259.88,"y":-43.83},{"name":"cloud_02_bone","parent":"Elemets_zoom_bone","x":208.19,"y":138.2},{"name":"cloud_03_bone","parent":"Elemets_zoom_bone","x":435.38,"y":-113.88},{"name":"coins_bone","parent":"root"},{"name":"sparkle_01_bone","parent":"Big_Win_letters_bone","x":-237.18,"y":72.81},{"name":"sparkle_02_bone","parent":"Big_Win_letters_bone","x":451.08,"y":212.19},{"name":"sparkle_03_bone","parent":"Big_Win_letters_bone","x":-451.72,"y":70.46},{"name":"sparkle_04_bone","parent":"Big_Win_letters_bone","x":52.53,"y":212.19},{"name":"sparkle_05_bone","parent":"Big_Win_letters_bone","x":235.72,"y":213.36}],"slots":[{"name":"bg_fade","bone":"bg_fade_bone","color":"ffffff00","attachment":"bg_fade"},{"name":"bg_cloud","bone":"BG1_bone","attachment":"BG_1"},{"name":"BG2_add","bone":"BG1_bone","color":"ffffff00","attachment":"BG_1_00000","blend":"additive"},{"name":"BG_light1","bone":"BG_light1_bone","attachment":"BG_light1"},{"name":"BG_light2","bone":"BG1_bone","attachment":"BG_light2"},{"name":"BG_light3","bone":"BG1_bone","attachment":"BG_light3"},{"name":"BG_light4","bone":"BG_light4_bone","attachment":"BG_light4"},{"name":"BG_light4_add","bone":"BG_light4_bone","color":"ffffff00","attachment":"BG_light4","blend":"additive"},{"name":"BG_light5","bone":"BG1_bone","attachment":"BG_light5"},{"name":"Groupe of clouds_01","bone":"Couple_Clouds_bone","attachment":"Groupe of clouds_01"},{"name":"Groupe of clouds_02","bone":"Couple_Clouds_bone","attachment":"Groupe of clouds_02"},{"name":"Groupe of clouds_03","bone":"Couple_Clouds_bone","attachment":"Groupe of clouds_03"},{"name":"Groupe of clouds_04","bone":"Couple_Clouds_bone","attachment":"Groupe of clouds_04"},{"name":"Rays1","bone":"Rays1_bone","attachment":"Rays1"},{"name":"Rays3","bone":"Rays1_bone2","color":"ffffff00","attachment":"Rays1","blend":"additive"},{"name":"Rays2","bone":"Rays2_bone","attachment":"Rays2"},{"name":"Rays4","bone":"Rays2_bone2","color":"ffffff00","attachment":"Rays2","blend":"additive"},{"name":"Pyramid","bone":"Elemets_zoom_bone","attachment":"Pyramid"},{"name":"Pyramid_light","bone":"Elemets_zoom_bone","attachment":"Pyramid_light"},{"name":"cloud_01","bone":"cloud_01_bone","attachment":"cloud_01"},{"name":"Cloud_02","bone":"cloud_02_bone","attachment":"Cloud_02"},{"name":"Cloud_02_Light","bone":"cloud_02_bone","attachment":"Cloud_02_Light"},{"name":"Cloud_03","bone":"cloud_03_bone","attachment":"Cloud_03"},{"name":"Cloud_03_Light","bone":"cloud_03_bone","attachment":"Cloud_03_Light"},{"name":"Basement_Cloud_add","bone":"Basement_Cloud_bone","color":"ffffff00","attachment":"Basement_Cloud_00000","blend":"additive"},{"name":"Basement_Cloud","bone":"Basement_Cloud_bone","attachment":"Basement_Cloud_00000"},{"name":"Basement_Cloud2","bone":"Basement_Cloud_bone","color":"ffffff00"},{"name":"Basement_Cloud3","bone":"Basement_Cloud_bone","color":"ffffff00"},{"name":"Basement_Cloud4","bone":"Basement_Cloud_bone","color":"ffffff00"},{"name":"Basement_Cloud5","bone":"Basement_Cloud_bone","color":"ffffff00"},{"name":"Basement_Cloud6","bone":"Basement_Cloud_bone","color":"ffffff00"},{"name":"All_Glow","bone":"root","color":"ffffff00","attachment":"All_Glow","blend":"additive"},{"name":"Big_Win_letters","bone":"Big_Win_letters_bone","attachment":"Big_Win_letters"},{"name":"coins","bone":"coins_bone","attachment":"coins"},{"name":"counter","bone":"Counter_bone","attachment":"counter"},{"name":"Counter_add","bone":"Counter_bone","color":"ffffff00","attachment":"Counter_over_glow","blend":"additive"},{"name":"sparkle_05","bone":"sparkle_05_bone","attachment":"sparkle_05","blend":"additive"},{"name":"sparkle_04","bone":"sparkle_04_bone","attachment":"sparkle_04","blend":"additive"},{"name":"sparkle_03","bone":"sparkle_03_bone","attachment":"sparkle_03","blend":"additive"},{"name":"sparkle_02","bone":"sparkle_02_bone","attachment":"sparkle_02","blend":"additive"},{"name":"sparkle_01","bone":"sparkle_01_bone","attachment":"sparkle_01","blend":"additive"}],"skins":{"default":{"All_Glow":{"All_Glow":{"scaleX":3,"scaleY":3,"width":625,"height":625}},"BG2_add":{"BG_1_00000":{"width":1977,"height":1368}},"BG_light1":{"BG_light1":{"x":-3.93,"y":42.81,"width":1536,"height":711}},"BG_light2":{"BG_light2":{"x":14,"y":129.5,"width":794,"height":805}},"BG_light3":{"BG_light3":{"x":-11.5,"y":14,"width":1005,"height":334}},"BG_light4":{"BG_light4":{"x":-14.18,"y":31.93,"width":1501,"height":537}},"BG_light4_add":{"BG_light4":{"x":-14.18,"y":31.93,"width":1501,"height":537}},"BG_light5":{"BG_light5":{"x":53.5,"y":102,"width":1615,"height":1118}},"Basement_Cloud":{"Basement_Cloud_00000":{"width":1879,"height":433}},"Basement_Cloud2":{"Basement_Cloud_00010":{"width":1879,"height":433}},"Basement_Cloud3":{"Basement_Cloud_00020":{"width":1879,"height":433}},"Basement_Cloud4":{"Basement_Cloud_00030":{"width":1879,"height":433}},"Basement_Cloud5":{"Basement_Cloud_00040":{"width":1879,"height":433}},"Basement_Cloud6":{"Basement_Cloud_00050":{"width":1879,"height":433}},"Basement_Cloud_add":{"Basement_Cloud_00000":{"width":1879,"height":433}},"Big_Win_letters":{"Big_Win_letters":{"x":-0.5,"y":137,"width":1027,"height":268}},"Cloud_02":{"Cloud_02":{"x":-0.19,"y":-14.7,"width":432,"height":179}},"Cloud_02_Light":{"Cloud_02_Light":{"x":41.31,"y":-20.7,"width":391,"height":321}},"Cloud_03":{"Cloud_03":{"x":-67.88,"y":-18.62,"width":715,"height":235}},"Cloud_03_Light":{"Cloud_03_Light":{"x":113.62,"y":42.88,"width":324,"height":240}},"Counter_add":{"Counter_over_glow":{"y":-61.5,"scaleX":100,"scaleY":100,"width":14,"height":5}},"Groupe of clouds_01":{"Groupe of clouds_01":{"x":-3.5,"y":43,"width":1145,"height":318}},"Groupe of clouds_02":{"Groupe of clouds_02":{"x":12,"y":149.5,"width":1114,"height":421}},"Groupe of clouds_03":{"Groupe of clouds_03":{"x":283.5,"y":157,"width":571,"height":436}},"Groupe of clouds_04":{"Groupe of clouds_04":{"x":358,"y":102.5,"width":422,"height":327}},"Pyramid":{"Pyramid":{"type":"mesh","uvs":[0.99999,0.98637,0.99999,0.99256,0.36879,0.86554,0.02544,1,0,1,0.46449,0.00244],"triangles":[0,2,5,2,0,1,2,4,5,3,4,2],"vertices":[686.99,-294.7,686.99,-298.47,-119.05,-221.11,-557.51,-303,-590,-303,3.15,304.51],"hull":6}},"Pyramid_light":{"Pyramid_light":{"x":13,"y":82,"width":1174,"height":730}},"Rays1":{"Rays1":{"x":15.8,"y":458.57,"width":1618,"height":1109}},"Rays2":{"Rays2":{"x":-6.7,"y":355.66,"width":1614,"height":1188}},"Rays3":{"Rays1":{"x":15.8,"y":458.57,"width":1618,"height":1109}},"Rays4":{"Rays2":{"x":-6.7,"y":355.66,"width":1614,"height":1188}},"bg_cloud":{"BG_1":{"width":1977,"height":1368}},"bg_fade":{"bg_fade":{"width":7,"height":4}},"cloud_01":{"cloud_01":{"x":64.88,"y":-18.67,"width":616,"height":227}},"coins":{"coins":{"width":4,"height":4}},"counter":{"counter":{"y":-61.5,"width":4,"height":4}},"sparkle_01":{"sparkle_01":{"x":-1.7,"y":-3.15,"width":244,"height":97}},"sparkle_02":{"sparkle_02":{"x":-3.58,"y":-3.69,"width":217,"height":217}},"sparkle_03":{"sparkle_03":{"x":-2.78,"y":-0.96,"width":217,"height":217}},"sparkle_04":{"sparkle_04":{"x":-2.03,"y":-3.69,"width":217,"height":217}},"sparkle_05":{"sparkle_05":{"x":-2.22,"y":-14.86,"width":871,"height":343}}}},"events":{"endLoop":{},"event_coins_explosion":{},"startLoop":{}},"animations":{"big_win_all":{"slots":{"All_Glow":{"color":[{"time":0.3667,"color":"ffffff00"},{"time":0.6333,"color":"ffffff4b"},{"time":0.9333,"color":"ffffff00","curve":"stepped"},{"time":21.2,"color":"ffffff00"},{"time":21.4667,"color":"ffffff4b"},{"time":21.7667,"color":"ffffff00"}]},"BG2_add":{"color":[{"time":21.3333,"color":"ffffff00"},{"time":21.5,"color":"ffffff8b"},{"time":21.8333,"color":"ffffff00"}]},"BG_light1":{"color":[{"time":0,"color":"ffffff00"},{"time":0.1333,"color":"ffffffff"},{"time":1,"color":"ffffffb0"},{"time":2.0333,"color":"ffffffff"},{"time":3.0667,"color":"ffffffb0"},{"time":4.1,"color":"ffffffff"},{"time":5.0667,"color":"ffffffb0","curve":"stepped"},{"time":6.1667,"color":"ffffffb0"},{"time":7.2,"color":"ffffffff"},{"time":8.2333,"color":"ffffffb0"},{"time":9.2667,"color":"ffffffff"},{"time":10.2333,"color":"ffffffb0","curve":"stepped"},{"time":11.2667,"color":"ffffffb0"},{"time":12.3,"color":"ffffffff"},{"time":13.3333,"color":"ffffffb0"},{"time":14.3667,"color":"ffffffff"},{"time":15.3333,"color":"ffffffb0","curve":"stepped"},{"time":16.3,"color":"ffffffb0"},{"time":17.3333,"color":"ffffffff"},{"time":18.3667,"color":"ffffffb0"},{"time":19.4,"color":"ffffffff"},{"time":20.3667,"color":"ffffffb0"},{"time":21.2,"color":"ffffffff"},{"time":22.2333,"color":"ffffffb0"},{"time":23.2333,"color":"ffffffff"}]},"BG_light2":{"color":[{"time":0,"color":"ffffff00"},{"time":0.1333,"color":"ffffffff"},{"time":1.4333,"color":"ffffffb0"},{"time":2.4667,"color":"ffffffff"},{"time":3.5,"color":"ffffffb0"},{"time":4.5333,"color":"ffffffff"},{"time":5.5,"color":"ffffffb0","curve":"stepped"},{"time":6.6,"color":"ffffffb0"},{"time":7.6333,"color":"ffffffff"},{"time":8.6667,"color":"ffffffb0"},{"time":9.7,"color":"ffffffff"},{"time":10.6667,"color":"ffffffb0","curve":"stepped"},{"time":11.7,"color":"ffffffb0"},{"time":12.7333,"color":"ffffffff"},{"time":13.7667,"color":"ffffffb0"},{"time":14.8,"color":"ffffffff"},{"time":15.7667,"color":"ffffffb0","curve":"stepped"},{"time":16.7333,"color":"ffffffb0"},{"time":17.7667,"color":"ffffffff"},{"time":18.8,"color":"ffffffb0"},{"time":19.8333,"color":"ffffffff"},{"time":20.8,"color":"ffffffb0"},{"time":21.6333,"color":"ffffffff"},{"time":22.6667,"color":"ffffffb0"},{"time":23.2333,"color":"ffffffff"}]},"BG_light3":{"color":[{"time":0,"color":"ffffff00"},{"time":0.1333,"color":"ffffffff"},{"time":1,"color":"ffffffb0"},{"time":2.0333,"color":"ffffffff"},{"time":3.0667,"color":"ffffffb0"},{"time":4.1,"color":"ffffffff"},{"time":5.0667,"color":"ffffffb0","curve":"stepped"},{"time":6.1667,"color":"ffffffb0"},{"time":7.2,"color":"ffffffff"},{"time":8.2333,"color":"ffffffb0"},{"time":9.2667,"color":"ffffffff"},{"time":10.2333,"color":"ffffffb0","curve":"stepped"},{"time":11.2667,"color":"ffffffb0"},{"time":12.3,"color":"ffffffff"},{"time":13.3333,"color":"ffffffb0"},{"time":14.3667,"color":"ffffffff"},{"time":15.3333,"color":"ffffffb0","curve":"stepped"},{"time":16.3,"color":"ffffffb0"},{"time":17.3333,"color":"ffffffff"},{"time":18.3667,"color":"ffffffb0"},{"time":19.4,"color":"ffffffff"},{"time":20.3667,"color":"ffffffb0"},{"time":21.2,"color":"ffffffff"},{"time":22.2333,"color":"ffffffb0"},{"time":23.2333,"color":"ffffffff"}]},"BG_light4":{"color":[{"time":0,"color":"ffffff00"},{"time":0.1333,"color":"ffffffff"},{"time":0.7667,"color":"ffffffb0"},{"time":1.7,"color":"ffffffff"},{"time":2.7333,"color":"ffffffb0"},{"time":3.7667,"color":"ffffffff"},{"time":4.7333,"color":"ffffffb0"},{"time":5.7667,"color":"ffffffff","curve":"stepped"},{"time":6.8667,"color":"ffffffff"},{"time":7.9,"color":"ffffffb0"},{"time":8.9333,"color":"ffffffff"},{"time":9.9,"color":"ffffffb0"},{"time":10.9333,"color":"ffffffff","curve":"stepped"},{"time":11.9667,"color":"ffffffff"},{"time":13,"color":"ffffffb0"},{"time":14.0333,"color":"ffffffff"},{"time":15,"color":"ffffffb0"},{"time":16.0333,"color":"ffffffff","curve":"stepped"},{"time":17,"color":"ffffffff"},{"time":18.0333,"color":"ffffffb0"},{"time":19.0667,"color":"ffffffff"},{"time":20.0333,"color":"ffffffb0"},{"time":21.0667,"color":"ffffffff"},{"time":21.9,"color":"ffffffb0"},{"time":22.9,"color":"ffffffff"}]},"BG_light5":{"color":[{"time":0,"color":"ffffff00"},{"time":0.1333,"color":"ffffffff"},{"time":1,"color":"ffffffb0"},{"time":2.0333,"color":"ffffffff"},{"time":3.0667,"color":"ffffffb0"},{"time":4.1,"color":"ffffffff"},{"time":5.0667,"color":"ffffffb0","curve":"stepped"},{"time":6.1667,"color":"ffffffb0"},{"time":7.2,"color":"ffffffff"},{"time":8.2333,"color":"ffffffb0"},{"time":9.2667,"color":"ffffffff"},{"time":10.2333,"color":"ffffffb0","curve":"stepped"},{"time":11.2667,"color":"ffffffb0"},{"time":12.3,"color":"ffffffff"},{"time":13.3333,"color":"ffffffb0"},{"time":14.3667,"color":"ffffffff"},{"time":15.3333,"color":"ffffffb0","curve":"stepped"},{"time":16.3,"color":"ffffffb0"},{"time":17.3333,"color":"ffffffff"},{"time":18.3667,"color":"ffffffb0"},{"time":19.4,"color":"ffffffff"},{"time":20.3667,"color":"ffffffb0"},{"time":21.2,"color":"ffffffff"},{"time":22.2333,"color":"ffffffb0"},{"time":23.2333,"color":"ffffffff"}]},"BG_light4_add":{"color":[{"time":0,"color":"ffffff00"},{"time":0.1333,"color":"ffffff95"},{"time":1.1,"color":"ffffffb3"},{"time":2.1333,"color":"ffffff5c"},{"time":3.1667,"color":"ffffffb3"},{"time":4.2,"color":"ffffff5c"},{"time":5.1667,"color":"ffffffb3","curve":"stepped"},{"time":6.2667,"color":"ffffffb3"},{"time":7.3,"color":"ffffff5c"},{"time":8.3333,"color":"ffffffb3"},{"time":9.3667,"color":"ffffff5c"},{"time":10.3333,"color":"ffffffb3","curve":"stepped"},{"time":11.3667,"color":"ffffffb3"},{"time":12.4,"color":"ffffff5c"},{"time":13.4333,"color":"ffffffb3"},{"time":14.4667,"color":"ffffff5c"},{"time":15.4333,"color":"ffffffb3","curve":"stepped"},{"time":16.4,"color":"ffffffb3"},{"time":17.4333,"color":"ffffff5c"},{"time":18.4667,"color":"ffffffb3"},{"time":19.5,"color":"ffffff5c"},{"time":20.4667,"color":"ffffffb3"},{"time":21.3333,"color":"ffffff5c"},{"time":21.5,"color":"ffffffff"},{"time":21.9,"color":"ffffffb0"},{"time":22.9,"color":"ffffffff"}]},"Basement_Cloud":{"color":[{"time":0,"color":"ffffff00"},{"time":0.2667,"color":"ffffffff"}],"attachment":[{"time":0,"name":"Basement_Cloud_00000"}]},"Basement_Cloud2":{"color":[{"time":0.1667,"color":"ffffff00"},{"time":0.8333,"color":"ffffffff"},{"time":1.4,"color":"ffffff00","curve":"stepped"},{"time":3.4,"color":"ffffff00"},{"time":4.0667,"color":"ffffffff"},{"time":4.7333,"color":"ffffff00","curve":"stepped"},{"time":6.5667,"color":"ffffff00","curve":"stepped"},{"time":8.5667,"color":"ffffff00"},{"time":9.2333,"color":"ffffffff"},{"time":9.9,"color":"ffffff00","curve":"stepped"},{"time":11.6667,"color":"ffffff00","curve":"stepped"},{"time":13.6667,"color":"ffffff00"},{"time":14.3333,"color":"ffffffff"},{"time":15,"color":"ffffff00","curve":"stepped"},{"time":16.7,"color":"ffffff00","curve":"stepped"},{"time":18.7,"color":"ffffff00"},{"time":19.3667,"color":"ffffffff"},{"time":20.0333,"color":"ffffff00"}],"attachment":[{"time":0,"name":"Basement_Cloud_00010"}]},"Basement_Cloud3":{"color":[{"time":0.8333,"color":"ffffff00"},{"time":1.4,"color":"ffffffff"},{"time":2.0667,"color":"ffffff00","curve":"stepped"},{"time":4.0667,"color":"ffffff00"},{"time":4.7333,"color":"ffffffff"},{"time":5.4,"color":"ffffff00"},{"time":6.5667,"color":"ffffffff"},{"time":7.2333,"color":"ffffff00","curve":"stepped"},{"time":9.2333,"color":"ffffff00"},{"time":9.9,"color":"ffffffff"},{"time":10.5667,"color":"ffffff00"},{"time":11.6667,"color":"ffffffff"},{"time":12.3333,"color":"ffffff00","curve":"stepped"},{"time":14.3333,"color":"ffffff00"},{"time":15,"color":"ffffffff"},{"time":15.6667,"color":"ffffff00"},{"time":16.7,"color":"ffffffff"},{"time":17.3667,"color":"ffffff00","curve":"stepped"},{"time":19.3667,"color":"ffffff00"},{"time":20.0333,"color":"ffffffff"},{"time":20.7,"color":"ffffff00"}],"attachment":[{"time":0,"name":"Basement_Cloud_00020"}]},"Basement_Cloud4":{"color":[{"time":1.4,"color":"ffffff00"},{"time":2.0667,"color":"ffffffff"},{"time":2.7333,"color":"ffffff00","curve":"stepped"},{"time":4.7333,"color":"ffffff00"},{"time":5.4,"color":"ffffffff"},{"time":6.5667,"color":"ffffff00"},{"time":7.2333,"color":"ffffffff"},{"time":7.9,"color":"ffffff00","curve":"stepped"},{"time":9.9,"color":"ffffff00"},{"time":10.5667,"color":"ffffffff"},{"time":11.6667,"color":"ffffff00"},{"time":12.3333,"color":"ffffffff"},{"time":13,"color":"ffffff00","curve":"stepped"},{"time":15,"color":"ffffff00"},{"time":15.6667,"color":"ffffffff"},{"time":16.7,"color":"ffffff00"},{"time":17.3667,"color":"ffffffff"},{"time":18.0333,"color":"ffffff00","curve":"stepped"},{"time":20.0333,"color":"ffffff00"},{"time":20.7,"color":"ffffffff"},{"time":21.1667,"color":"ffffff00"}],"attachment":[{"time":0,"name":"Basement_Cloud_00030"}]},"Basement_Cloud5":{"color":[{"time":2.0667,"color":"ffffff00"},{"time":2.7333,"color":"ffffffff"},{"time":3.4,"color":"ffffff00","curve":"stepped"},{"time":5.4,"color":"ffffff00","curve":"stepped"},{"time":7.2333,"color":"ffffff00"},{"time":7.9,"color":"ffffffff"},{"time":8.5667,"color":"ffffff00","curve":"stepped"},{"time":10.5667,"color":"ffffff00","curve":"stepped"},{"time":12.3333,"color":"ffffff00"},{"time":13,"color":"ffffffff"},{"time":13.6667,"color":"ffffff00","curve":"stepped"},{"time":15.6667,"color":"ffffff00","curve":"stepped"},{"time":17.3667,"color":"ffffff00"},{"time":18.0333,"color":"ffffffff"},{"time":18.7,"color":"ffffff00","curve":"stepped"},{"time":20.7,"color":"ffffff00"},{"time":21.1667,"color":"ffffffff"},{"time":21.8333,"color":"ffffff00"}],"attachment":[{"time":0,"name":"Basement_Cloud_00040"}]},"Basement_Cloud6":{"color":[{"time":2.7333,"color":"ffffff00"},{"time":3.4,"color":"ffffffff"},{"time":4.0667,"color":"ffffff00","curve":"stepped"},{"time":7.9,"color":"ffffff00"},{"time":8.5667,"color":"ffffffff"},{"time":9.2333,"color":"ffffff00","curve":"stepped"},{"time":13,"color":"ffffff00"},{"time":13.6667,"color":"ffffffff"},{"time":14.3333,"color":"ffffff00","curve":"stepped"},{"time":18.0333,"color":"ffffff00"},{"time":18.7,"color":"ffffffff"},{"time":19.3667,"color":"ffffff00","curve":"stepped"},{"time":21.1667,"color":"ffffff00"},{"time":21.8333,"color":"ffffffff"},{"time":22.5,"color":"ffffff00"}],"attachment":[{"time":0,"name":"Basement_Cloud_00050"}]},"Basement_Cloud_add":{"color":[{"time":21.3333,"color":"ffffff00"},{"time":21.5,"color":"ffffff67"},{"time":21.8333,"color":"ffffff00"}]},"Big_Win_letters":{"color":[{"time":0,"color":"ffffff00"},{"time":0.1333,"color":"ffffffff","curve":"stepped"},{"time":23.2333,"color":"ffffffff"},{"time":23.5667,"color":"ffffff00"}]},"Cloud_02":{"color":[{"time":0,"color":"ffffff00"},{"time":0.1333,"color":"ffffffff"}]},"Cloud_03":{"color":[{"time":0,"color":"ffffff00"},{"time":0.1333,"color":"ffffffff"}]},"Cloud_02_Light":{"color":[{"time":0,"color":"ffffff00"},{"time":0.1333,"color":"ffffffff"}]},"Cloud_03_Light":{"color":[{"time":0,"color":"ffffff00"},{"time":0.1333,"color":"ffffffff"}]},"Counter_add":{"color":[{"time":0.5333,"color":"ffffff00"},{"time":0.7333,"color":"ffffff8e"},{"time":0.8333,"color":"ffffff00","curve":"stepped"},{"time":21,"color":"ffffff00"},{"time":21.3,"color":"ffffff8e"},{"time":21.6,"color":"ffffff00"}]},"Groupe of clouds_01":{"color":[{"time":0,"color":"ffffff00"},{"time":0.1333,"color":"ffffffff"}]},"Groupe of clouds_02":{"color":[{"time":0,"color":"ffffff00"},{"time":0.1333,"color":"ffffffff"}]},"Groupe of clouds_03":{"color":[{"time":0,"color":"ffffff00"},{"time":0.1333,"color":"ffffffff"}]},"Groupe of clouds_04":{"color":[{"time":0,"color":"ffffff00"},{"time":0.1333,"color":"ffffffff"}]},"Pyramid":{"color":[{"time":0,"color":"ffffff00"},{"time":0.1333,"color":"ffffffff"}]},"Pyramid_light":{"color":[{"time":0,"color":"ffffff00"},{"time":0.1333,"color":"ffffffff"}]},"Rays3":{"color":[{"time":0.4667,"color":"ffffff00"},{"time":1.3333,"color":"ffffffc9"},{"time":2.3667,"color":"ffffff21"},{"time":3.9,"color":"ffffffc9"},{"time":4.9333,"color":"ffffff21"},{"time":5.8333,"color":"ffffffc9","curve":"stepped"},{"time":6.5,"color":"ffffffc9"},{"time":7.5333,"color":"ffffff21"},{"time":9.0667,"color":"ffffffc9"},{"time":10.1,"color":"ffffff21"},{"time":11,"color":"ffffffc9","curve":"stepped"},{"time":11.6,"color":"ffffffc9"},{"time":12.6333,"color":"ffffff21"},{"time":14.1667,"color":"ffffffc9"},{"time":15.2,"color":"ffffff21"},{"time":16.1,"color":"ffffffc9","curve":"stepped"},{"time":16.6333,"color":"ffffffc9"},{"time":17.6667,"color":"ffffff21"},{"time":19.2,"color":"ffffffc9"},{"time":20.2333,"color":"ffffff21"},{"time":21.1333,"color":"ffffffc9"},{"time":21.3333,"color":"ffffff6d"},{"time":21.5,"color":"ffffffff"},{"time":22.6,"color":"ffffff21"},{"time":23.4333,"color":"ffffff00"}]},"Rays4":{"color":[{"time":0.7667,"color":"ffffff00","curve":"stepped"},{"time":0.8333,"color":"ffffff00"},{"time":1.7,"color":"ffffffc9"},{"time":2.7333,"color":"ffffff21"},{"time":4.2667,"color":"ffffffc9"},{"time":5.3,"color":"ffffff21"},{"time":6.8667,"color":"ffffffc9"},{"time":7.9,"color":"ffffff21"},{"time":9.4333,"color":"ffffffc9"},{"time":10.4667,"color":"ffffff21"},{"time":11.9667,"color":"ffffffc9"},{"time":13,"color":"ffffff21"},{"time":14.5333,"color":"ffffffc9"},{"time":15.5667,"color":"ffffff21"},{"time":17,"color":"ffffffc9"},{"time":18.0333,"color":"ffffff21"},{"time":19.5667,"color":"ffffffc9"},{"time":20.6,"color":"ffffff21"},{"time":21.3333,"color":"ffffff3e"},{"time":21.5,"color":"ffffffff"},{"time":22.3333,"color":"ffffff21"},{"time":23.8,"color":"ffffff00"}]},"bg_fade":{"color":[{"time":0,"color":"ffffff00"},{"time":0.4,"color":"ffffffcc","curve":"stepped"},{"time":23.1333,"color":"ffffffcc"},{"time":23.4,"color":"ffffff00"}]},"cloud_01":{"color":[{"time":0,"color":"ffffff00"},{"time":0.1333,"color":"ffffffff"}]},"coins":{"attachment":[{"time":0,"name":"coins"}]},"counter":{"color":[{"time":0,"color":"ffffff00"},{"time":0.1333,"color":"ffffffff","curve":"stepped"},{"time":23.2333,"color":"ffffffff"},{"time":23.5667,"color":"ffffff00"}]},"sparkle_01":{"color":[{"time":0,"color":"ffffff00"},{"time":0.6,"color":"ffffff00"},{"time":0.7667,"color":"ffffffff"}]},"sparkle_02":{"color":[{"time":0,"color":"ffffff00"},{"time":0.6,"color":"ffffff00"},{"time":0.7667,"color":"ffffffff"}]},"sparkle_03":{"color":[{"time":0,"color":"ffffff00"},{"time":0.6,"color":"ffffff00"},{"time":0.7667,"color":"ffffffff"}]},"sparkle_04":{"color":[{"time":0,"color":"ffffff00"},{"time":0.6,"color":"ffffff00"},{"time":0.7667,"color":"ffffffff"}]},"sparkle_05":{"color":[{"time":0,"color":"ffffff00"},{"time":0.6,"color":"ffffff00"},{"time":0.7667,"color":"ffffffff"}]}},"bones":{"Big_Win_letters_bone":{"scale":[{"time":0,"x":0,"y":0,"curve":[0.483,0.49,0.75,1]},{"time":0.4667,"x":1.45,"y":1.45,"curve":[0.414,0.4,0.75,1]},{"time":0.6,"x":1,"y":1,"curve":[0.25,0,0.75,1]},{"time":0.6667,"x":1.09,"y":1.09,"curve":[0.25,0,0.75,1]},{"time":0.7667,"x":1,"y":1,"curve":"stepped"},{"time":22.9,"x":1,"y":1},{"time":23.2333,"x":1.2,"y":1.2},{"time":23.5667,"x":0,"y":0}]},"Counter_bone":{"scale":[{"time":0,"x":0,"y":0,"curve":[0.483,0.49,0.75,1]},{"time":0.5333,"x":1.45,"y":1.45,"curve":[0.414,0.4,0.75,1]},{"time":0.6667,"x":1,"y":1,"curve":[0.25,0,0.75,1]},{"time":0.7333,"x":1.09,"y":1.09,"curve":[0.25,0,0.75,1]},{"time":0.8333,"x":1,"y":1},{"time":21,"x":1.075,"y":1.075,"curve":[0.448,0.45,0.75,1]},{"time":21.3,"x":1.3,"y":1.3,"curve":[0.591,0,0.75,1]},{"time":21.5,"x":1.075,"y":1.075,"curve":[0.25,0,0.75,1]},{"time":22.7667,"x":1.1,"y":1.1},{"time":23.0333,"x":1.3,"y":1.3},{"time":23.5,"x":0,"y":0}]},"BW&Counter_Zoom_bone":{"scale":[{"time":0,"x":1,"y":1},{"time":23.1333,"x":1.2,"y":1.2},{"time":23.4,"x":0,"y":0}]},"Elemets_zoom_bone":{"scale":[{"time":0,"x":0,"y":0,"curve":[0.384,0.4,0.75,1]},{"time":0.3667,"x":1.1,"y":1.1,"curve":[0.25,0,0.75,1]},{"time":0.4667,"x":1,"y":1},{"time":23.1333,"x":1.03,"y":1.03},{"time":23.4,"x":0,"y":0}]},"Rays1_bone":{"rotate":[{"time":0,"angle":0},{"time":23.6667,"angle":5}],"scale":[{"time":0,"x":0,"y":0},{"time":0.4667,"x":1,"y":1,"curve":"stepped"},{"time":23.6667,"x":1,"y":1}]},"Rays2_bone":{"rotate":[{"time":0,"angle":0},{"time":23.6667,"angle":-5}],"scale":[{"time":0,"x":0,"y":0},{"time":0.4,"x":1,"y":1},{"time":4,"x":1,"y":1.016,"curve":"stepped"},{"time":9.1667,"x":1,"y":1.016,"curve":"stepped"},{"time":14.2667,"x":1,"y":1.016,"curve":"stepped"},{"time":19.3,"x":1,"y":1.016},{"time":23.6667,"x":1,"y":1}]},"BG1_bone":{"scale":[{"time":0,"x":0,"y":0},{"time":0.2333,"x":1.1,"y":1.1},{"time":0.3667,"x":1,"y":1}]},"Basement_Cloud_bone":{"scale":[{"time":0,"x":0,"y":0},{"time":0.1333,"x":1.1,"y":1.1},{"time":0.2667,"x":1,"y":1}]},"BG_light1_bone":{"translate":[{"time":0,"x":0,"y":0},{"time":23.2333,"x":0,"y":9.15}],"scale":[{"time":0,"x":0,"y":0},{"time":0.2,"x":1,"y":1},{"time":23.2333,"x":1.056,"y":1.056}]},"Rays1_bone2":{"rotate":[{"time":0,"angle":0},{"time":23.6667,"angle":5}],"scale":[{"time":0,"x":0,"y":0},{"time":0.4667,"x":1,"y":1,"curve":"stepped"},{"time":21.3333,"x":1,"y":1},{"time":21.5,"x":1,"y":1.1},{"time":22.6,"x":1,"y":1,"curve":"stepped"},{"time":23.6667,"x":1,"y":1}]},"Rays2_bone2":{"rotate":[{"time":0,"angle":0},{"time":23.6667,"angle":-5}],"scale":[{"time":0,"x":0,"y":0},{"time":0.4,"x":1,"y":1},{"time":4,"x":1,"y":1.016,"curve":"stepped"},{"time":9.1667,"x":1,"y":1.016,"curve":"stepped"},{"time":14.2667,"x":1,"y":1.016,"curve":"stepped"},{"time":19.3,"x":1,"y":1.016},{"time":21.3333,"x":1,"y":1},{"time":21.5,"x":1,"y":1.1},{"time":22.6,"x":1,"y":1,"curve":"stepped"},{"time":23.6667,"x":1,"y":1}]},"BG_light4_bone":{"scale":[{"time":0.7667,"x":1,"y":1},{"time":22.9,"x":1.02,"y":1.02}]},"sparkle_03_bone":{"rotate":[{"time":0,"angle":0},{"time":23.3333,"angle":-23}],"scale":[{"time":0,"x":0.7,"y":0.7},{"time":23.3333,"x":1,"y":1}]},"sparkle_04_bone":{"rotate":[{"time":0,"angle":0},{"time":23.3333,"angle":-19}],"scale":[{"time":0,"x":0.7,"y":0.7},{"time":23.3333,"x":1,"y":1}]},"sparkle_02_bone":{"rotate":[{"time":0,"angle":0},{"time":23.3333,"angle":14}],"scale":[{"time":0,"x":0.7,"y":0.7},{"time":23.3333,"x":1,"y":1}]},"sparkle_05_bone":{"rotate":[{"time":0,"angle":0}],"scale":[{"time":0,"x":1,"y":1},{"time":0.5333,"x":0.6,"y":0.6},{"time":23.3333,"x":1,"y":1}]},"Couple_Clouds_bone":{"rotate":[{"time":0,"angle":0},{"time":23.6667,"angle":-5}]},"cloud_01_bone":{"translate":[{"time":0,"x":0,"y":0},{"time":23.6333,"x":-58.59,"y":0}],"scale":[{"time":0,"x":1,"y":1},{"time":23.6333,"x":0.835,"y":1}]},"cloud_02_bone":{"translate":[{"time":0,"x":0,"y":0},{"time":23.6,"x":-87.11,"y":9.94}]},"cloud_03_bone":{"translate":[{"time":0,"x":49.81,"y":0},{"time":23.6667,"x":-3.19,"y":0}],"scale":[{"time":0,"x":0.788,"y":1},{"time":23.6667,"x":1,"y":1}]}},"deform":{"default":{"Pyramid":{"Pyramid":[{"time":0},{"time":0.3333,"offset":4,"vertices":[-104.17842],"curve":[0.25,0,0.75,1]},{"time":7.2333,"offset":4,"vertices":[445.84473],"curve":[0.25,0,0.75,1]},{"time":15,"offset":4,"vertices":[-104.17842],"curve":[0.25,0,0.75,1]},{"time":23.3333,"offset":4,"vertices":[445.84473]}]}}},"events":[{"time":1,"name":"startLoop"},{"time":21,"name":"endLoop"},{"time":21.3333,"name":"event_coins_explosion"}]}}}