{"skeleton":{"hash":"Jmcj+CYBTdFDkylAt9TyHIpTosc","spine":"3.6.52","width":1920,"height":1494},"bones":[{"name":"main_comp"},{"name":"all_coin","parent":"main_comp"},{"name":"1","parent":"all_coin","x":-470.26,"y":389.68},{"name":"2","parent":"all_coin","x":-849.2,"y":238.93},{"name":"3","parent":"all_coin","x":-575.36,"y":-386.19},{"name":"4","parent":"all_coin","x":484.01,"y":-181.5},{"name":"5","parent":"all_coin","x":-244.83,"y":-292.14},{"name":"6","parent":"all_coin","x":698.38,"y":-235.44},{"name":"7","parent":"all_coin","x":258.58,"y":-379.27},{"name":"8","parent":"all_coin","x":739.87,"y":316.38},{"name":"9","parent":"all_coin","x":633.38,"y":46.69},{"name":"10","parent":"all_coin","x":-84.4,"y":-265.86},{"name":"11","parent":"all_coin","x":225.39,"y":436.7},{"name":"12","parent":"all_coin","x":-118.97,"y":389.68},{"name":"13","parent":"all_coin","x":-665.26,"y":-240.97},{"name":"bg_coin1","parent":"all_coin","x":389.97,"y":-83.31},{"name":"bg_coin2","parent":"all_coin","x":533.8,"y":229.25},{"name":"bg_coin3","parent":"all_coin","x":-401.11,"y":-135.86},{"name":"bg_coin4","parent":"all_coin","x":-540.79,"y":37.01},{"name":"bigwin_in_out","parent":"main_comp"},{"name":"bigwin_light","parent":"main_comp"},{"name":"bigwin_scale","parent":"bigwin_in_out","y":-14.77},{"name":"coins_win","parent":"main_comp"},{"name":"counter","parent":"main_comp","y":-103.82},{"name":"counter_anim","parent":"counter","scaleX":0.6,"scaleY":0.6},{"name":"front_light","parent":"main_comp"},{"name":"main_circle","parent":"main_comp"},{"name":"path_scale","parent":"all_coin"},{"name":"ray1_mask","parent":"bigwin_scale","y":14.77},{"name":"ray_light","parent":"main_comp"},{"name":"shine_whirlwind1","parent":"bigwin_in_out","x":-0.73,"y":145.88,"scaleX":0.495,"scaleY":0.505},{"name":"shine_whirlwind2","parent":"bigwin_scale","x":-0.73,"y":203.56,"scaleX":0.495,"scaleY":0.505},{"name":"shine_whirlwind3","parent":"bigwin_in_out","x":-0.73,"y":145.88,"scaleX":0.495,"scaleY":0.505},{"name":"shine_whirlwind4","parent":"bigwin_in_out","x":-0.73,"y":145.88,"scaleX":0.495,"scaleY":0.505},{"name":"whirlwind2","parent":"bigwin_in_out","x":-0.73,"y":188.79},{"name":"whirlwind3","parent":"bigwin_scale","x":-0.73,"y":160.65},{"name":"whirlwind1_2","parent":"whirlwind3","length":558.07,"rotation":179.45,"x":-1.22,"y":-0.34},{"name":"whirlwind1_3","parent":"shine_whirlwind1","length":558.07,"rotation":179.45,"x":-1.22,"y":-0.34},{"name":"whirlwind1_4","parent":"shine_whirlwind3","length":558.07,"rotation":179.45,"x":-1.22,"y":-0.34},{"name":"whirlwind1_6","parent":"shine_whirlwind4","length":558.07,"rotation":179.45,"x":-1.22,"y":-0.34},{"name":"whirlwind2_1","parent":"whirlwind2","length":328.87,"rotation":179.45,"x":-1.22,"y":-0.34,"scaleX":3,"scaleY":3},{"name":"whirlwind2_3","parent":"shine_whirlwind2","length":328.87,"rotation":179.45,"x":-1.22,"y":-0.34,"scaleX":3,"scaleY":3.295}],"slots":[{"name":"all_mask","bone":"main_comp","color":"0100d7ff","attachment":"all_mask"},{"name":"bg_mask","bone":"main_comp","attachment":"bg_mask"},{"name":"back_light","bone":"main_comp","blend":"additive"},{"name":"bg_coin4","bone":"bg_coin4","attachment":"bg_coin4"},{"name":"bg_coin3","bone":"bg_coin3","attachment":"10"},{"name":"bg_coin2","bone":"bg_coin2","attachment":"bg_coin2"},{"name":"bg_coin1","bone":"bg_coin1","attachment":"10"},{"name":"12","bone":"12","attachment":"12"},{"name":"11","bone":"11","attachment":"11"},{"name":"9","bone":"9","attachment":"9"},{"name":"8","bone":"8","attachment":"8"},{"name":"7","bone":"7","attachment":"7"},{"name":"2","bone":"2","attachment":"2"},{"name":"1","bone":"1","attachment":"1"},{"name":"10","bone":"10","attachment":"10"},{"name":"whirlwind6","bone":"whirlwind1_4","attachment":"whirlwind7"},{"name":"whirlwind2","bone":"whirlwind2_1","attachment":"whirlwind4_1"},{"name":"whirlwind4","bone":"whirlwind1_3","attachment":"whirlwind1"},{"name":"whirlwind9","bone":"whirlwind1_6","attachment":"whirlwind7"},{"name":"main_circle_blur","bone":"main_circle","attachment":"main_circle_blur"},{"name":"main_circle","bone":"main_circle","attachment":"main_circle"},{"name":"front_light2","bone":"ray_light","attachment":"front_light","blend":"additive"},{"name":"BIG_WIN","bone":"bigwin_scale","attachment":"BIG_WIN"},{"name":"back_light2","bone":"bigwin_light","attachment":"back_light","blend":"additive"},{"name":"front_circle_mask","bone":"ray1_mask","attachment":"mask_for_ray2"},{"name":"whirlwind3","bone":"whirlwind1_2","attachment":"whirlwind7","blend":"additive"},{"name":"front_circle_mask2","bone":"ray1_mask","attachment":"mask_for_ray2"},{"name":"whirlwind5","bone":"whirlwind2_3","attachment":"whirlwind2","blend":"additive"},{"name":"ray_light_path","bone":"main_circle","color":"fc9d00ff","attachment":"ray1_path1"},{"name":"coins_path","bone":"path_scale","attachment":"coins_path"},{"name":"4","bone":"4","attachment":"7"},{"name":"13","bone":"13","attachment":"13"},{"name":"6","bone":"6","attachment":"6"},{"name":"5","bone":"5","attachment":"7"},{"name":"3","bone":"3","attachment":"1"},{"name":"counter_BG","bone":"counter_anim","color":"ffffff8a","blend":"additive"},{"name":"counter","bone":"counter","attachment":"counter"},{"name":"front_light","bone":"front_light","attachment":"front_light","blend":"additive"}],"path":[{"name":"coins_path1","order":1,"bones":["3"],"target":"coins_path","position":0.3434,"translateMix":0.396},{"name":"coins_path2","order":2,"bones":["13"],"target":"coins_path","position":0.3333,"translateMix":0.637},{"name":"coins_path3","order":3,"bones":["2"],"target":"coins_path","rotateMode":"chain","position":0.2172,"translateMix":0.926},{"name":"coins_path4","order":4,"bones":["bg_coin4"],"target":"coins_path","position":0.803,"translateMix":0.064},{"name":"coins_path5","order":5,"bones":["1"],"target":"coins_path","position":0.6515,"translateMix":0.714},{"name":"coins_path6","order":6,"bones":["12"],"target":"coins_path","position":0.7172,"translateMix":0.905},{"name":"coins_path7","order":7,"bones":["bg_coin3"],"target":"coins_path","position":0.4091,"translateMix":0.905},{"name":"coins_path8","order":8,"bones":["5"],"target":"coins_path","rotation":-153.8,"position":0.5859,"translateMix":0.726},{"name":"coins_path9","order":9,"bones":["10"],"target":"coins_path","position":0.2778,"translateMix":0.731},{"name":"coins_path10","order":10,"bones":["11"],"target":"coins_path","position":0.1667,"translateMix":0.781},{"name":"coins_path11","order":11,"bones":["7"],"target":"coins_path","position":0.1061,"translateMix":0.495},{"name":"coins_path12","order":12,"bones":["bg_coin1"],"target":"coins_path","position":0.8788,"translateMix":0.943},{"name":"coins_path13","order":13,"bones":["4"],"target":"coins_path","rotation":-157.4,"position":0.6818,"translateMix":0.127},{"name":"coins_path14","order":14,"bones":["6"],"target":"coins_path","position":0.9394,"translateMix":0.827},{"name":"coins_path15","order":15,"bones":["9"],"target":"coins_path","position":0.0606,"translateMix":0.714},{"name":"coins_path16","order":16,"bones":["bg_coin2"],"target":"coins_path","rotation":-71.5,"position":0.7525,"translateMix":0.943},{"name":"coins_path17","order":17,"bones":["8"],"target":"coins_path","translateMix":0.71},{"name":"ray1_path1","order":0,"bones":["ray_light"],"target":"ray_light_path"}],"skins":{"default":{"1":{"1":{"x":4.76,"y":-4.68,"width":145,"height":98}},"10":{"10":{"x":-1.1,"y":-0.14,"width":141,"height":124}},"11":{"11":{"x":2.61,"y":-3.7,"width":106,"height":72}},"12":{"12":{"x":-1.53,"y":0.32,"width":89,"height":88}},"13":{"13":{"x":0.26,"y":-1.53,"width":148,"height":137}},"2":{"2":{"x":-1.3,"y":-0.43,"width":161,"height":131}},"3":{"1":{"x":1.36,"y":-1.31,"scaleX":0.7,"scaleY":0.7,"width":145,"height":98}},"4":{"7":{"x":-1.51,"y":-1.5,"width":184,"height":104}},"5":{"7":{"x":2.83,"y":-1.86,"width":184,"height":104}},"6":{"6":{"x":1.62,"y":-4.06,"width":158,"height":177}},"7":{"7":{"x":2.42,"y":-4.73,"width":184,"height":104}},"8":{"8":{"x":-8.37,"y":-2.88,"width":155,"height":87}},"9":{"9":{"x":5.62,"y":-0.69,"width":146,"height":104}},"BIG_WIN":{"BIG_WIN":{"x":7.5,"y":142.77,"width":1009,"height":354}},"all_mask":{"all_mask":{"type":"clipping","end":"whirlwind9","vertexCount":4,"vertices":[-960.3,537.69,959.45,537.69,961.11,-541.23,-960.3,-541.23]}},"back_light":{"back_light":{"x":22.5,"y":-40.3,"scaleX":20,"scaleY":20,"width":93,"height":48}},"back_light2":{"back_light":{"x":22.5,"y":-40.3,"scaleX":20,"scaleY":20,"width":93,"height":48}},"bg_coin1":{"10":{"x":2.53,"y":-7.19,"width":141,"height":124}},"bg_coin2":{"bg_coin2":{"x":-5.3,"y":-8.25,"width":151,"height":74}},"bg_coin3":{"10":{"x":1.61,"y":0.36,"width":141,"height":124}},"bg_coin4":{"bg_coin4":{"x":3.79,"y":-2.01,"width":168,"height":108}},"bg_mask":{"bg_mask":{"x":-1,"y":-0.5,"scaleX":480,"scaleY":270,"width":4,"height":4}},"coins_path":{"coins_path":{"type":"path","closed":true,"lengths":[1049.13,2187.33,3318.52,3957.66],"vertexCount":12,"vertices":[-435.41,486.2,18.84,477.14,523.11,467.07,889.9,286.35,887.16,40.82,884.68,-180.24,752.39,-478.42,7.32,-477.58,-633.4,-476.86,-877.71,-187.85,-875.4,50.9,-873.24,274.82]}},"counter":{"counter":{"y":-5.18,"width":6,"height":2}},"counter_BG":{"counter_BG_light":{"x":7.49,"y":-29.51,"scaleX":120,"scaleY":50,"rotation":-179.26,"width":20,"height":20}},"front_circle_mask":{"mask_for_ray2":{"type":"clipping","end":"whirlwind3","vertexCount":41,"vertices":[-960.33,537.7,-457.74,279.62,-358.8,280.2,-341.36,274.53,-327.57,263.15,-301.51,228.72,-292.26,281,-222.8,280.77,-205.64,248.39,-180.38,274.49,-148.25,284.18,-110.03,283.5,-90.43,276.28,-66.77,256.74,-53.72,188.86,11.44,188.1,16.86,281.22,86.35,281.05,85.7,201.13,110.23,281.73,174.95,281.87,172.93,218.69,195.37,281.44,341.18,281.74,337.61,250.33,361.21,281.45,418.15,281.57,426.42,259.97,445.57,281.78,512.42,281.19,491,118.38,14.59,122.09,15.28,172.61,-50.84,176.23,-41.7,128.06,-487.03,125.99,-457.8,279.48,-960.28,537.58,-959.03,-540.38,959.51,-540.45,959.51,539.11]}},"front_circle_mask2":{"mask_for_ray2":{"type":"clipping","end":"whirlwind5","vertexCount":41,"vertices":[-960.33,537.7,-457.74,279.62,-358.8,280.2,-341.36,274.53,-327.57,263.15,-301.51,228.72,-292.26,281,-222.8,280.77,-205.64,248.39,-180.38,274.49,-148.25,284.18,-110.03,283.5,-90.43,276.28,-66.77,256.74,-53.72,188.86,11.44,188.1,16.86,281.22,86.35,281.05,85.7,201.13,110.23,281.73,174.95,281.87,172.93,218.69,195.37,281.44,341.18,281.74,337.61,250.33,361.21,281.45,418.15,281.57,426.42,259.97,445.57,281.78,512.42,281.19,491,118.38,14.59,122.09,15.28,172.61,-50.84,176.23,-41.7,128.06,-487.03,125.99,-457.8,279.48,-960.28,537.58,-959.03,-540.38,959.51,-540.45,959.51,539.11]}},"front_light":{"front_light":{"scaleX":50,"scaleY":15,"width":20,"height":20}},"front_light2":{"front_light":{"scaleX":5,"scaleY":5,"width":20,"height":20}},"main_circle":{"main_circle":{"scaleX":1.33,"scaleY":1.33,"width":1093,"height":395}},"main_circle_blur":{"main_circle_blur":{"scaleX":1.33,"scaleY":1.33,"width":1089,"height":396}},"ray_light_path":{"ray1_path1":{"type":"path","closed":true,"lengths":[723.61,1482.27,2229.75,2944.61],"vertexCount":12,"vertices":[46.56,224.37,-16.5,224.38,-134.91,224.4,-675.4,178.28,-679.35,12.09,-683.24,-151.14,-264.89,-220.78,2.66,-221.42,371.17,-222.31,687.96,-111.76,687.91,-5.83,687.82,207.79]}},"whirlwind2":{"whirlwind4_1":{"x":-0.56,"y":-4.77,"scaleX":0.83,"scaleY":0.83,"rotation":-179.45,"width":600,"height":600}},"whirlwind3":{"whirlwind7":{"x":-2.69,"y":-1.75,"scaleX":0.83,"scaleY":0.83,"rotation":-179.45,"width":600,"height":600}},"whirlwind4":{"whirlwind1":{"path":"whirlwind6","x":-17.88,"y":13.05,"scaleX":3.33,"scaleY":3.33,"rotation":-179.45,"width":600,"height":600}},"whirlwind5":{"whirlwind2":{"path":"whirlwind7","x":-10.54,"y":8.51,"scaleX":1.33,"scaleY":1.33,"rotation":-179.45,"width":600,"height":600}},"whirlwind6":{"whirlwind7":{"x":-4.72,"scaleX":3.33,"scaleY":3.33,"rotation":-179.45,"width":600,"height":600}},"whirlwind9":{"whirlwind7":{"x":-4.72,"scaleX":3.33,"scaleY":3.33,"rotation":-179.45,"width":600,"height":600}}}},"events":{"endLoop":{},"event_emitter_explosion":{},"startLoop":{}},"animations":{"big_win_all":{"slots":{"1":{"color":[{"time":0,"color":"ffffff00","curve":"stepped"},{"time":0.3333,"color":"ffffff00"},{"time":0.5,"color":"8f8f8fff","curve":"stepped"},{"time":6.4667,"color":"8f8f8fff"},{"time":6.6333,"color":"ffffff00"}]},"2":{"color":[{"time":0,"color":"ffffff00","curve":"stepped"},{"time":0.3333,"color":"ffffff00"},{"time":0.5,"color":"ffffffff"},{"time":4.0667,"color":"4e4e4eff"}]},"3":{"color":[{"time":0,"color":"ffffff00","curve":"stepped"},{"time":0.3333,"color":"ffffff00"},{"time":0.5,"color":"ffffffff","curve":"stepped"},{"time":6.4667,"color":"ffffffff"},{"time":6.6333,"color":"ffffff00"}]},"4":{"color":[{"time":0,"color":"ffffff00","curve":"stepped"},{"time":0.3333,"color":"ffffff00"},{"time":0.5,"color":"ffffffff","curve":"stepped"},{"time":6.4667,"color":"ffffffff"},{"time":6.6333,"color":"ffffff00"}],"attachment":[{"time":0,"name":"7"}]},"5":{"color":[{"time":0,"color":"ffffff00","curve":"stepped"},{"time":0.3333,"color":"ffffff00"},{"time":0.5,"color":"ffffffff"},{"time":6.3333,"color":"949494ff","curve":[0.25,0,0.75,1]},{"time":6.4333,"color":"8f8f8f00"}]},"6":{"color":[{"time":0,"color":"ffffff00","curve":"stepped"},{"time":0.3333,"color":"ffffff00"},{"time":0.5,"color":"ffffffff","curve":"stepped"},{"time":6.4667,"color":"ffffffff"},{"time":6.6333,"color":"ffffff00"}]},"7":{"color":[{"time":0,"color":"ffffff00","curve":"stepped"},{"time":0.3333,"color":"ffffff00"},{"time":0.5,"color":"ffffffff","curve":"stepped"},{"time":6.4667,"color":"ffffffff"},{"time":6.6333,"color":"ffffff00"}]},"8":{"color":[{"time":0,"color":"ffffff00","curve":"stepped"},{"time":0.3333,"color":"ffffff00"},{"time":0.5,"color":"b0b0b0ff"},{"time":6.3333,"color":"ffffffff","curve":"stepped"},{"time":6.4667,"color":"ffffffff"},{"time":6.6333,"color":"ffffff00"}]},"9":{"color":[{"time":0,"color":"bfbfbf00"},{"time":0.3333,"color":"ffffff00"},{"time":0.5,"color":"b0b0b0ff"},{"time":6.3333,"color":"ffffffff","curve":"stepped"},{"time":6.4667,"color":"ffffffff"},{"time":6.6333,"color":"ffffff00"}]},"10":{"color":[{"time":0,"color":"ffffff00","curve":"stepped"},{"time":0.3333,"color":"ffffff00"},{"time":0.5,"color":"e5e5e5ff"},{"time":6.3333,"color":"8f8f8fff","curve":"stepped"},{"time":6.4667,"color":"8f8f8fff"},{"time":6.6333,"color":"ffffff00"}]},"11":{"color":[{"time":0,"color":"ffffff00","curve":"stepped"},{"time":0.3333,"color":"ffffff00"},{"time":0.5,"color":"b4b4b4ff"},{"time":6.3333,"color":"828282ff"},{"time":6.4667,"color":"ffffffff"},{"time":6.6333,"color":"ffffff00"}]},"12":{"color":[{"time":0,"color":"ffffff00","curve":"stepped"},{"time":0.3333,"color":"ffffff00"},{"time":0.5,"color":"a5a5a5ff"},{"time":6.3333,"color":"ffffffff","curve":"stepped"},{"time":6.4667,"color":"ffffffff"},{"time":6.6333,"color":"ffffff00"}]},"13":{"color":[{"time":0,"color":"ffffff00","curve":"stepped"},{"time":0.3333,"color":"ffffff00"},{"time":0.5,"color":"b0b0b0ff"},{"time":6.3333,"color":"ffffffff","curve":"stepped"},{"time":6.4667,"color":"ffffffff"},{"time":6.6333,"color":"ffffff00"}]},"back_light":{"color":[{"time":0,"color":"ffffff00","curve":"stepped"},{"time":0.4333,"color":"ffffff00","curve":[0.25,0,0.75,1]},{"time":0.5667,"color":"ffffffff","curve":"stepped"},{"time":6.2667,"color":"ffffffff","curve":[0.25,0,0.75,1]},{"time":6.5667,"color":"ffffff00"}]},"back_light2":{"color":[{"time":0,"color":"ffffff00","curve":"stepped"},{"time":0.4333,"color":"ffffff00","curve":"stepped"},{"time":0.8333,"color":"ffffff00"}]},"bg_coin1":{"color":[{"time":0,"color":"ffffff00","curve":"stepped"},{"time":0.3333,"color":"ffffff00"},{"time":0.5,"color":"ffffffff"},{"time":6.3333,"color":"9d9d9dff"},{"time":6.4667,"color":"ffffffff"},{"time":6.6333,"color":"ffffff00"}]},"bg_coin2":{"color":[{"time":0,"color":"ffffff00","curve":"stepped"},{"time":0.3333,"color":"ffffff00"},{"time":0.5,"color":"b0b0b0ff"},{"time":6.3333,"color":"ffffffff","curve":"stepped"},{"time":6.4667,"color":"ffffffff"},{"time":6.6333,"color":"ffffff00"}]},"bg_coin3":{"color":[{"time":0,"color":"ffffff00","curve":"stepped"},{"time":0.3333,"color":"ffffff00"},{"time":0.5,"color":"ffffffff"},{"time":6.6333,"color":"9e9e9eff"}]},"bg_coin4":{"color":[{"time":0,"color":"ffffff00","curve":"stepped"},{"time":0.3333,"color":"ffffff00"},{"time":0.5,"color":"cdcdcdff"},{"time":6.3333,"color":"9d9d9dff"},{"time":6.4667,"color":"ffffffff"},{"time":6.6333,"color":"ffffff00"}]},"bg_mask":{"color":[{"time":0,"color":"ffffff00","curve":[0.25,0,0.75,1]},{"time":0.5,"color":"ffffffff","curve":"stepped"},{"time":6.3333,"color":"ffffffff","curve":[0.25,0,0.75,1]},{"time":6.6333,"color":"ffffff00"}]},"counter":{"color":[{"time":0,"color":"ffffff00","curve":"stepped"},{"time":0.3,"color":"ffffff00","curve":[0.25,0,0.75,1]},{"time":0.3667,"color":"ffffffff","curve":"stepped"},{"time":6.5,"color":"ffffffff","curve":[0.25,0,0.75,1]},{"time":6.6333,"color":"ffffff00"}]},"counter_BG":{"color":[{"time":0,"color":"ffffff00","curve":"stepped"},{"time":0.3,"color":"ffffff00","curve":[0.25,0,0.75,1]},{"time":0.6667,"color":"fecb0788","curve":"stepped"},{"time":5.8333,"color":"fecb0788","curve":[0.25,0,0.75,1]},{"time":6.5,"color":"fecb0600"}],"attachment":[{"time":2.7667,"name":null}]},"front_light":{"color":[{"time":0.5,"color":"ffffffff","curve":[0.25,0,0.75,1]},{"time":0.6,"color":"ffffff00","curve":"stepped"},{"time":6.5333,"color":"ffffff00","curve":[0.25,0,0.75,1]},{"time":6.6,"color":"ffffffff"}]},"front_light2":{"color":[{"time":0,"color":"ffffff00","curve":"stepped"},{"time":0.5,"color":"ffffff00"},{"time":1.2667,"color":"ffffff3f","curve":[0.267,0,0.618,0.42]},{"time":1.6667,"color":"ffffff9d","curve":[0.348,0.39,0.757,1]},{"time":2.5333,"color":"ffffffff","curve":[0.25,0,0.75,1]},{"time":3.7,"color":"ffffff53","curve":[0.25,0,0.75,1]},{"time":4.1667,"color":"ffffff58"},{"time":4.8,"color":"ffffffff","curve":"stepped"},{"time":5.4,"color":"ffffffff","curve":[0.25,0,0.75,1]},{"time":6.1333,"color":"ffffff52","curve":[0.25,0,0.75,1]},{"time":6.6667,"color":"ffffff00"}]},"main_circle":{"color":[{"time":0,"color":"ffffff00","curve":[0.25,0,0.75,1]},{"time":0.5,"color":"ffffff00","curve":[0.25,0,0.75,1]},{"time":0.6667,"color":"ffffffff","curve":"stepped"},{"time":6.5,"color":"ffffffff","curve":[0.25,0,0.75,1]},{"time":6.6667,"color":"ffffff00"}]},"main_circle_blur":{"color":[{"time":0,"color":"ffffff00","curve":[0.25,0,0.75,1]},{"time":0.5,"color":"ffffff00","curve":[0.25,0,0.75,1]},{"time":0.6667,"color":"ffffffff","curve":"stepped"},{"time":6.5,"color":"ffffffff","curve":[0.25,0,0.75,1]},{"time":6.6667,"color":"ffffff00"}]},"whirlwind2":{"color":[{"time":0,"color":"ffffff7e"}]},"whirlwind3":{"color":[{"time":0,"color":"ffffffff","curve":"stepped"},{"time":1.6667,"color":"ffffffff","curve":[0.25,0,0.75,1]},{"time":2.1333,"color":"313131ff","curve":"stepped"},{"time":2.5667,"color":"313131ff","curve":[0.25,0,0.75,1]},{"time":2.8333,"color":"ffffffff","curve":[0.25,0,0.75,1]},{"time":3.2,"color":"313131ff","curve":"stepped"},{"time":3.6667,"color":"313131ff","curve":[0.25,0,0.75,1]},{"time":3.9333,"color":"ffffffff","curve":[0.25,0,0.75,1]},{"time":4.3,"color":"313131ff"}]},"whirlwind4":{"color":[{"time":0,"color":"ffffff4e","curve":[0.297,0,0.634,0.37]},{"time":0.9,"color":"fffffff8","curve":[0.313,0.25,0.649,0.59]},{"time":1.7333,"color":"ffffffe1","curve":[0.323,0.3,0.658,0.64]},{"time":2.4333,"color":"9d9d9d68","curve":[0.358,0.42,0.756,1]},{"time":3.2,"color":"ffffffe1","curve":[0.323,0.3,0.658,0.64]},{"time":4.0333,"color":"9d9d9d68","curve":[0.358,0.42,0.756,1]},{"time":5.1,"color":"ffffffe1","curve":[0.323,0.3,0.658,0.64]},{"time":6.6,"color":"ffffff4e"}]},"whirlwind5":{"color":[{"time":0,"color":"ffffff86","curve":"stepped"},{"time":1.2667,"color":"ffffff86","curve":[0.249,0,0.627,0.51]},{"time":2.1,"color":"07060686","curve":[0.245,0,0.637,0.56]},{"time":2.7,"color":"ffffffff","curve":[0.381,0.55,0.742,1]},{"time":3.1,"color":"ffffff86"}]},"whirlwind6":{"color":[{"time":0,"color":"ffffffff","curve":"stepped"},{"time":1.4,"color":"ffffffff","curve":[0.319,0.28,0.654,0.62]},{"time":2.2333,"color":"67656598","curve":[0.352,0.4,0.757,1]},{"time":3.0333,"color":"ffffffff","curve":[0.319,0.28,0.654,0.62]},{"time":3.8667,"color":"67656598","curve":[0.352,0.4,0.757,1]},{"time":6.6,"color":"ffffffff"}]},"whirlwind9":{"color":[{"time":0,"color":"ffffffff","curve":[0.29,0,0.629,0.37]},{"time":1.3,"color":"fdfdfdff","curve":[0.331,0.32,0.664,0.66]},{"time":1.5,"color":"8484848a","curve":[0.329,0.32,0.662,0.65]},{"time":1.9,"color":"ffffffff","curve":"stepped"},{"time":2.2333,"color":"ffffffff","curve":"stepped"},{"time":5.4667,"color":"ffffffff","curve":"stepped"},{"time":6.6,"color":"ffffffff"}]}},"bones":{"whirlwind2_1":{"rotate":[{"time":0,"angle":0},{"time":0.4,"angle":-89.7},{"time":0.8,"angle":-179.7},{"time":1.2667,"angle":-269.7},{"time":1.6667,"angle":0},{"time":2.0333,"angle":-89.7},{"time":2.4333,"angle":-179.7},{"time":2.9,"angle":-269.7},{"time":3.3,"angle":0},{"time":3.7,"angle":-89.7},{"time":4.1,"angle":-179.7},{"time":4.5,"angle":-269.7},{"time":4.9667,"angle":0},{"time":5.3333,"angle":-89.7},{"time":5.7333,"angle":-179.7},{"time":6.1333,"angle":-269.7},{"time":6.6,"angle":0}],"translate":[{"time":0,"x":0,"y":-30.5}],"scale":[{"time":0,"x":0.6,"y":0.6}]},"whirlwind2":{"rotate":[{"time":0,"angle":0.6}],"translate":[{"time":0,"x":25.43,"y":-7.25}],"scale":[{"time":0,"x":0,"y":0,"curve":"stepped"},{"time":0.4,"x":0,"y":0,"curve":[0.381,0.55,0.742,1]},{"time":0.5,"x":2.78,"y":0.805,"curve":"stepped"},{"time":6.5,"x":2.78,"y":0.805,"curve":[0.25,0,0.75,1]},{"time":6.6,"x":0,"y":0}]},"whirlwind1_2":{"rotate":[{"time":0,"angle":-115.25},{"time":0.1333,"angle":-89.7},{"time":0.6,"angle":0},{"time":1,"angle":-269.1},{"time":1.4,"angle":-179.1},{"time":1.6667,"angle":-115.25},{"time":1.7667,"angle":-89.7},{"time":2.2333,"angle":0},{"time":2.6333,"angle":-269.1},{"time":3.0333,"angle":-179.1},{"time":3.3,"angle":-115.25},{"time":3.4333,"angle":-89.7},{"time":3.9,"angle":0},{"time":4.3,"angle":-269.1},{"time":4.7,"angle":-179.1},{"time":4.9667,"angle":-115.25},{"time":5.1,"angle":-89.7},{"time":5.4667,"angle":0},{"time":5.9333,"angle":-269.1},{"time":6.3333,"angle":-179.1},{"time":6.6,"angle":-115.25}],"scale":[{"time":0,"x":4,"y":4}]},"whirlwind3":{"rotate":[{"time":0,"angle":-0.6}],"translate":[{"time":0,"x":13.7,"y":-32.11}],"scale":[{"time":0,"x":0.94,"y":-0.175,"curve":"stepped"},{"time":6.5,"x":0.94,"y":-0.175,"curve":[0.25,0,0.75,1]},{"time":6.6,"x":0,"y":0}]},"counter":{"translate":[{"time":0,"x":0,"y":-42.96}],"scale":[{"time":0,"x":0.64,"y":0.64},{"time":3.3333,"x":1,"y":1,"curve":[0.332,0.33,0.668,0.67]},{"time":3.4667,"x":1.6,"y":1.6,"curve":[0.338,0.35,0.673,0.69]},{"time":3.5667,"x":0.7,"y":0.7,"curve":[0.347,0.38,0.683,0.72]},{"time":3.7,"x":1,"y":1,"curve":"stepped"},{"time":6.1333,"x":1,"y":1,"curve":[0.375,0.61,0.716,1]},{"time":6.2333,"x":0.7,"y":0.7,"curve":[0.347,0.41,0.681,0.74]},{"time":6.4,"x":1.7,"y":1.7,"curve":[0.354,0.56,0.689,0.91]},{"time":6.6333,"x":0.5,"y":0.5}]},"bigwin_in_out":{"translate":[{"time":0,"x":0,"y":-91.79}],"scale":[{"time":0,"x":1,"y":1}]},"all_coin":{"translate":[{"time":0,"x":0,"y":30.16}],"scale":[{"time":0,"x":0.5,"y":0.5,"curve":[0.25,0,0.75,1]},{"time":0.3333,"x":0.8,"y":0.8},{"time":6.6667,"x":1,"y":1}]},"path_scale":{"translate":[{"time":0,"x":0,"y":0,"curve":[0.25,0,0.75,1]},{"time":6.6333,"x":0,"y":-94.32}],"scale":[{"time":0,"x":0.98,"y":0.575},{"time":6.6333,"x":1.222,"y":0.761}]},"1":{"rotate":[{"time":0,"angle":0},{"time":6.6333,"angle":-100.4}],"scale":[{"time":0,"x":0.8,"y":0.8,"curve":[0.25,0,0.75,1]},{"time":6.3333,"x":0.496,"y":0.496}]},"2":{"rotate":[{"time":0,"angle":0,"curve":[0.25,0,0.005,1]},{"time":6.3333,"angle":-126}],"translate":[{"time":0,"x":0,"y":0,"curve":[0.579,0,0.675,0.46]},{"time":6.3333,"x":-194.95,"y":-17.68}],"scale":[{"time":0,"x":1,"y":1,"curve":[0.25,0,0.005,1]},{"time":6.3333,"x":0.21,"y":0.21}]},"3":{"rotate":[{"time":0,"angle":0,"curve":[0.461,0.01,0.781,0.36]},{"time":6.6333,"angle":-97.58}],"translate":[{"time":0,"x":0,"y":0}],"scale":[{"time":0,"x":1.2,"y":1.2}]},"4":{"rotate":[{"time":0,"angle":0},{"time":6.6333,"angle":170}],"translate":[{"time":2.2,"x":0,"y":0,"curve":[0.25,0,0.75,1]},{"time":6.6333,"x":-366.97,"y":37.19}],"scale":[{"time":0,"x":0.9,"y":0.9}]},"5":{"rotate":[{"time":0,"angle":0},{"time":6.6333,"angle":-180}],"translate":[{"time":0,"x":0,"y":0,"curve":[0.25,0,0.75,1]},{"time":6.6333,"x":-764.88,"y":883.21}],"scale":[{"time":0,"x":1,"y":1}]},"6":{"rotate":[{"time":0,"angle":0},{"time":6.6333,"angle":-60.05}],"scale":[{"time":0,"x":1,"y":1},{"time":6.3333,"x":1.3,"y":1.3}]},"7":{"rotate":[{"time":0,"angle":0},{"time":6.6333,"angle":-170.56}],"translate":[{"time":3.6333,"x":0,"y":0,"curve":[0.245,0,0.707,0.82]},{"time":6.6,"x":-495.59,"y":-152.49,"curve":[0.362,0.64,0.698,1]},{"time":6.6333,"x":-170.72,"y":-259.8}],"scale":[{"time":0,"x":1.2,"y":1.2}]},"8":{"rotate":[{"time":0,"angle":0},{"time":6.6333,"angle":-80}],"scale":[{"time":0,"x":1,"y":1},{"time":6.6333,"x":1.4,"y":1.4}]},"9":{"rotate":[{"time":0,"angle":0},{"time":6.6333,"angle":-100}],"translate":[{"time":0,"x":0,"y":0,"curve":[0.25,0,0.75,1]},{"time":6.6333,"x":803.09,"y":-256.57}],"scale":[{"time":0,"x":0.7,"y":0.7},{"time":6.3333,"x":1.3,"y":1.3}]},"10":{"rotate":[{"time":0,"angle":0},{"time":6.6333,"angle":-100}],"scale":[{"time":0,"x":1,"y":1},{"time":6.3333,"x":0.431,"y":0.431}]},"11":{"rotate":[{"time":0,"angle":0,"curve":[0,0.12,0,1]},{"time":6.6333,"angle":-30}],"translate":[{"time":0,"x":0,"y":0,"curve":[0,0.12,0,1]},{"time":6.6333,"x":758.38,"y":11.92}],"scale":[{"time":0,"x":1,"y":1,"curve":[0,0.12,0,1]},{"time":6.6333,"x":0.415,"y":0.42}]},"12":{"rotate":[{"time":0,"angle":0},{"time":6.6333,"angle":-70}],"scale":[{"time":0,"x":1,"y":1,"curve":[0.25,0,0.75,1]},{"time":6.3333,"x":0.616,"y":0.616}]},"13":{"rotate":[{"time":0,"angle":0},{"time":6.6333,"angle":-70}],"scale":[{"time":0,"x":1,"y":1},{"time":6.6333,"x":1.4,"y":1.4}]},"bg_coin1":{"rotate":[{"time":0,"angle":0},{"time":6.6333,"angle":-70}],"scale":[{"time":0,"x":1,"y":1},{"time":6.3333,"x":0.481,"y":0.481}]},"bg_coin2":{"rotate":[{"time":0,"angle":0},{"time":6.6333,"angle":-70}],"scale":[{"time":0,"x":1,"y":1},{"time":6.3333,"x":1.2,"y":1.2}]},"bg_coin3":{"rotate":[{"time":0,"angle":0},{"time":6.6333,"angle":160.62}],"translate":[{"time":0,"x":0,"y":0,"curve":[0.25,0,0.75,1]},{"time":6.6333,"x":-1400.57,"y":562.35}],"scale":[{"time":0,"x":1.2,"y":1.2},{"time":6.6333,"x":0.5,"y":0.5}]},"bg_coin4":{"rotate":[{"time":0,"angle":0},{"time":6.6333,"angle":-70}],"scale":[{"time":0,"x":1,"y":1},{"time":6.3333,"x":0.481,"y":0.481}]},"bigwin_scale":{"translate":[{"time":0,"x":0.35,"y":20.17,"curve":[1,0,0.824,0.76]},{"time":0.5333,"x":22,"y":77.46,"curve":[0.454,0,0.75,1]},{"time":0.6667,"x":20.35,"y":56.03,"curve":[0.25,0,0.75,1]},{"time":0.7333,"x":17.06,"y":62.62,"curve":"stepped"},{"time":0.8333,"x":17.06,"y":62.62,"curve":[0.25,0,0.75,1]},{"time":6.2667,"x":21.04,"y":74.58,"curve":[1,0,0.75,1]},{"time":6.4667,"x":21.04,"y":80.55,"curve":[0.623,0,0.438,0.43]},{"time":6.6333,"x":21.04,"y":6.85}],"scale":[{"time":0,"x":0,"y":0,"curve":[1,0,0.824,0.76]},{"time":0.5333,"x":1.6,"y":1.6,"curve":[0.454,0,0.75,1]},{"time":0.6667,"x":1.12,"y":1.12,"curve":[0.25,0,0.75,1]},{"time":0.7333,"x":1.2,"y":1.2,"curve":[0.25,0,0.75,1]},{"time":0.8333,"x":1.12,"y":1.12,"curve":[0.293,0.18,0.755,1]},{"time":6.2667,"x":1.42,"y":1.42,"curve":[1,0,0.619,0.45]},{"time":6.4667,"x":1.74,"y":1.74,"curve":[0.623,0,0.438,0.43]},{"time":6.6333,"x":0.4,"y":0.4}]},"whirlwind1_3":{"rotate":[{"time":0,"angle":0},{"time":0.4,"angle":-89.7},{"time":0.8,"angle":-179.7},{"time":1.2667,"angle":-269.7},{"time":1.6667,"angle":0},{"time":2.0333,"angle":-89.7},{"time":2.4333,"angle":-179.7},{"time":2.9,"angle":-269.7},{"time":3.3,"angle":0},{"time":3.7,"angle":-89.7},{"time":4.1,"angle":-179.7},{"time":4.5,"angle":-269.7},{"time":4.9667,"angle":0},{"time":5.3333,"angle":-89.7},{"time":5.7333,"angle":-179.7},{"time":6.1333,"angle":-269.7},{"time":6.6,"angle":0}],"scale":[{"time":0,"x":1,"y":1,"curve":"stepped"},{"time":6.6,"x":1,"y":1}]},"shine_whirlwind1":{"rotate":[{"time":0,"angle":4.8}],"translate":[{"time":0,"x":-17.3,"y":-119.57}],"scale":[{"time":0,"x":0,"y":0,"curve":"stepped"},{"time":0.4,"x":0,"y":0,"curve":[0.381,0.55,0.742,1]},{"time":0.5,"x":1.768,"y":0.347,"curve":"stepped"},{"time":6.5,"x":1.768,"y":0.347,"curve":[0.25,0,0.75,1]},{"time":6.6,"x":0,"y":0}]},"whirlwind2_3":{"rotate":[{"time":0,"angle":0},{"time":0.4,"angle":-89.7},{"time":0.8,"angle":-179.7},{"time":1.2667,"angle":-269.7},{"time":1.6667,"angle":0},{"time":2.0333,"angle":-89.7},{"time":2.4333,"angle":-179.7},{"time":2.9,"angle":-269.7},{"time":3.3,"angle":0},{"time":3.7,"angle":-89.7},{"time":4.1,"angle":-179.7},{"time":4.5,"angle":-269.7},{"time":4.9667,"angle":0},{"time":5.3333,"angle":-89.7},{"time":5.7333,"angle":-179.7},{"time":6.1333,"angle":-269.7},{"time":6.6,"angle":0}],"scale":[{"time":0,"x":1.1,"y":1.002}]},"shine_whirlwind2":{"rotate":[{"time":0,"angle":6.9}],"translate":[{"time":0,"x":-1.45,"y":-31.32,"curve":[0.262,0,0.618,0.44]},{"time":0.7333,"x":12.48,"y":-31.32,"curve":[0.355,0.42,0.756,1]},{"time":2.0667,"x":-1.45,"y":-31.32,"curve":[0.246,0,0.719,0.87]},{"time":2.5,"x":13.88,"y":-31.32}],"scale":[{"time":0,"x":1.111,"y":0.198,"curve":"stepped"},{"time":6.5,"x":1.111,"y":0.198,"curve":[0.25,0,0.75,1]},{"time":6.6,"x":0,"y":0}]},"whirlwind1_4":{"rotate":[{"time":0,"angle":-115.25},{"time":0.1333,"angle":-89.7},{"time":0.6,"angle":0},{"time":1,"angle":-269.1},{"time":1.4,"angle":-179.1},{"time":1.6667,"angle":-115.25},{"time":1.7667,"angle":-89.7},{"time":2.2333,"angle":0},{"time":2.6333,"angle":-269.1},{"time":3.0333,"angle":-179.1},{"time":3.3,"angle":-115.25},{"time":3.4333,"angle":-89.7},{"time":3.9,"angle":0},{"time":4.3,"angle":-269.1},{"time":4.7,"angle":-179.1},{"time":4.9667,"angle":-115.25},{"time":5.1,"angle":-89.7},{"time":5.4667,"angle":0},{"time":5.9333,"angle":-269.1},{"time":6.3333,"angle":-179.1},{"time":6.6,"angle":-115.25}],"translate":[{"time":0,"x":-72.27,"y":369.39}],"scale":[{"time":0,"x":0.805,"y":0.81}]},"shine_whirlwind3":{"rotate":[{"time":0,"angle":174.9}],"translate":[{"time":0,"x":65.59,"y":-19.81}],"scale":[{"time":0,"x":0,"y":0,"curve":"stepped"},{"time":0.4,"x":0,"y":0,"curve":[0.381,0.55,0.742,1]},{"time":0.5,"x":2.03,"y":0.505,"curve":"stepped"},{"time":6.5,"x":2.03,"y":0.505,"curve":[0.25,0,0.75,1]},{"time":6.6,"x":0,"y":0}]},"whirlwind1_6":{"rotate":[{"time":0,"angle":-115.25},{"time":0.1333,"angle":-89.7},{"time":0.6,"angle":0},{"time":1,"angle":-269.1},{"time":1.4,"angle":-179.1},{"time":1.6667,"angle":-115.25},{"time":1.7667,"angle":-89.7},{"time":2.2333,"angle":0},{"time":2.6333,"angle":-269.1},{"time":3.0333,"angle":-179.1},{"time":3.3,"angle":-115.25},{"time":3.4333,"angle":-89.7},{"time":3.9,"angle":0},{"time":4.3,"angle":-269.1},{"time":4.7,"angle":-179.1},{"time":4.9667,"angle":-115.25},{"time":5.1,"angle":-89.7},{"time":5.4667,"angle":0},{"time":5.9333,"angle":-269.1},{"time":6.3333,"angle":-179.1},{"time":6.6,"angle":-115.25}],"scale":[{"time":0,"x":1,"y":1,"curve":"stepped"},{"time":6.6,"x":1,"y":1}]},"shine_whirlwind4":{"rotate":[{"time":0,"angle":-5.4}],"translate":[{"time":0,"x":0.28,"y":52.85}],"scale":[{"time":0,"x":0,"y":0,"curve":"stepped"},{"time":0.4,"x":0,"y":0,"curve":[0.381,0.55,0.742,1]},{"time":0.5,"x":1.747,"y":0.515,"curve":"stepped"},{"time":6.5,"x":1.747,"y":0.515,"curve":[0.25,0,0.75,1]},{"time":6.6,"x":0,"y":0}]},"bigwin_light":{"translate":[{"time":0,"x":27.06,"y":-87.02}],"scale":[{"time":0,"x":0.835,"y":0.375}]},"main_circle":{"rotate":[{"time":0,"angle":1.2}],"translate":[{"time":0,"x":0,"y":54.88}],"scale":[{"time":0,"x":1.15,"y":0.79,"curve":"stepped"},{"time":6.5,"x":1.15,"y":0.79,"curve":[0.25,0,0.75,1]},{"time":6.6667,"x":0.4,"y":0.4}]},"front_light":{"translate":[{"time":0.5,"x":0,"y":34.61}],"scale":[{"time":0,"x":0,"y":0,"curve":"stepped"},{"time":0.4333,"x":0,"y":0,"curve":[0.25,0,0.75,1]},{"time":0.5,"x":2.61,"y":2.61,"curve":"stepped"},{"time":6.5333,"x":2.61,"y":2.61,"curve":[0.337,0.66,0.67,1]},{"time":6.6,"x":2.99,"y":3.965,"curve":[0.25,0,0.75,1]},{"time":6.6667,"x":0,"y":0}]},"coins_win":{"translate":[{"time":3.4,"x":0,"y":-66.76,"curve":[0.25,0,0.75,1]},{"time":3.9333,"x":0,"y":0}]},"ray_light":{"scale":[{"time":0,"x":1,"y":1,"curve":"stepped"},{"time":0.5,"x":1,"y":1},{"time":1.2667,"x":1,"y":0.51,"curve":[0.288,0,0.628,0.38]},{"time":1.6667,"x":3.825,"y":1.028,"curve":[0.299,0.22,0.655,0.63]},{"time":2.5333,"x":4.28,"y":1.155,"curve":[0.364,0.45,0.717,0.85]},{"time":3.3333,"x":5.625,"y":1.012,"curve":[0.357,0.65,0.692,1]},{"time":3.7,"x":1,"y":0.615,"curve":[0.25,0,0.75,1]},{"time":4.1667,"x":2.5,"y":1,"curve":[0.38,0.53,0.746,1]},{"time":4.8,"x":1,"y":0.6,"curve":[0.25,0,0.625,0.5]},{"time":5.1,"x":2.615,"y":0.57,"curve":[0.375,0.5,0.75,1]},{"time":5.4,"x":4.23,"y":1,"curve":[0.36,0.43,0.711,0.83]},{"time":5.9,"x":5.405,"y":1,"curve":[0.362,0.64,0.698,1]},{"time":6.1333,"x":1,"y":1}]}},"paths":{"coins_path1":{"position":[{"time":0,"position":0.2941},{"time":6.6333,"position":0.3971}],"mix":[{"time":0,"rotateMix":0}]},"coins_path10":{"position":[{"time":0,"position":0.0441},{"time":6.6333,"position":0.13}],"mix":[{"time":0,"rotateMix":0.117,"translateMix":0.575}]},"coins_path11":{"position":[{"time":0,"position":0.5147},{"time":6.6333,"position":0.7647}],"mix":[{"time":0,"rotateMix":0,"translateMix":0.582}]},"coins_path12":{"position":[{"time":0,"position":0.7647},{"time":6.6333,"position":0.8192}],"mix":[{"time":0,"rotateMix":0.167,"translateMix":0.935}]},"coins_path13":{"position":[{"time":0,"position":0.4412},{"time":6.6333,"position":0.6176}],"mix":[{"time":0,"rotateMix":0.4,"translateMix":0.68}]},"coins_path14":{"position":[{"time":0,"position":0.3676},{"time":6.6333,"position":0.6029}],"mix":[{"time":0,"translateMix":0.477,"curve":[0.25,0,0.75,1]},{"time":6.6667,"rotateMix":0,"translateMix":0.477}]},"coins_path15":{"position":[{"time":0,"position":0.1324},{"time":6.6333,"position":0.19}],"mix":[{"time":0,"translateMix":0.706}]},"coins_path16":{"position":[{"time":0,"position":1.1},{"time":6.6333,"position":1.15}],"mix":[{"time":0,"rotateMix":0.133,"translateMix":0.889}]},"coins_path17":{"position":[{"time":0,"position":0.2206},{"time":6.6333,"position":0.3}],"mix":[{"time":0,"rotateMix":0.2,"translateMix":0.771}]},"coins_path2":{"position":[{"time":0,"position":0.2353},{"time":6.6333,"position":0.3}],"mix":[{"time":0,"rotateMix":0.5604,"translateMix":0.902}]},"coins_path3":{"position":[{"time":0,"position":0.7206},{"time":6.6333,"position":0.8}],"mix":[{"time":0},{"time":6.6333,"translateMix":0}]},"coins_path4":{"position":[{"time":0,"position":0.8235},{"time":6.6333,"position":0.8971}],"mix":[{"time":0,"rotateMix":0.317}]},"coins_path5":{"position":[{"time":0,"position":0.9265},{"time":6.6333,"position":1.0712}],"mix":[{"time":0,"rotateMix":0.4,"translateMix":0.621}]},"coins_path6":{"position":[{"time":0,"position":1},{"time":6.6333,"position":1.0667}],"mix":[{"time":0,"rotateMix":0.417,"translateMix":0.869}]},"coins_path7":{"position":[{"time":0,"position":0.5588},{"time":6.6333,"position":0.6618}],"mix":[{"time":0,"rotateMix":0,"translateMix":0.719}]},"coins_path8":{"position":[{"time":0,"position":0.6765},{"time":6.6333,"position":0.76}],"mix":[{"time":0,"rotateMix":0.433,"translateMix":0.739}]},"coins_path9":{"position":[{"time":0,"position":-0.15},{"time":6.6333,"position":-0.0582}],"mix":[{"time":0,"rotateMix":0.133}]},"ray1_path1":{"position":[{"time":0,"position":1},{"time":3.3333,"position":0.325},{"time":6.6667,"position":-1}]}},"deform":{"default":{"coins_path":{"coins_path":[{"time":0},{"time":6.6333}]},"front_circle_mask":{"mask_for_ray2":[{"time":0,"offset":60,"vertices":[-8.97341,0,0,0,0,0,0,0,0,0,-6.44062,-45.08498]}]},"front_circle_mask2":{"mask_for_ray2":[{"time":0,"offset":60,"vertices":[11.99698,109.75576,0,0,0,0,0,0,0,0,4.66722,-6.8247]}]}}},"events":[{"time":0.8333,"name":"startLoop"},{"time":3.5,"name":"endLoop"},{"time":3.5,"name":"event_emitter_explosion"}]}}}