{"skeleton":{"hash":"jYcQMdRvmC6RNj7IakksTdHi2ME","spine":"3.6.52","width":1920,"height":1082.5,"images":"../02_image/"},"bones":[{"name":"zenzen_bigwin"},{"name":"bigwin","parent":"zenzen_bigwin","y":177.85},{"name":"gong_pos","parent":"zenzen_bigwin","y":538.71},{"name":"gong_scale","parent":"gong_pos","y":0.04},{"name":"body","parent":"gong_scale","y":-154.67},{"name":"boom_light","parent":"zenzen_bigwin","scaleX":3,"scaleY":3},{"name":"upper_rings","parent":"body","y":155.15},{"name":"chain_left","parent":"upper_rings","x":-250.1,"y":-1.91},{"name":"chain_right","parent":"upper_rings","x":250.24,"y":0.89},{"name":"coins","parent":"zenzen_bigwin"},{"name":"counter","parent":"zenzen_bigwin","y":-102.37},{"name":"glow_bone","parent":"gong_scale","x":9.7,"y":-549.86},{"name":"gong_shaking","parent":"body"},{"name":"sh","parent":"gong_shaking","y":59.08}],"slots":[{"name":"mask","bone":"zenzen_bigwin","attachment":"mask"},{"name":"glow","bone":"glow_bone","attachment":"glow","blend":"additive"},{"name":"r_lower_ring_02","bone":"chain_right","attachment":"r_lower_ring_02"},{"name":"l_lower_ring_02","bone":"chain_left","attachment":"l_lower_ring_02"},{"name":"body","bone":"gong_shaking","attachment":"body"},{"name":"body_dark","bone":"gong_shaking","color":"e8790f00","attachment":"body"},{"name":"body_add","bone":"gong_shaking","color":"ffffff00","attachment":"body","blend":"additive"},{"name":"l_upper_ring_02","bone":"chain_left","attachment":"l_upper_ring_02"},{"name":"r_upper_ring_02","bone":"chain_right","attachment":"r_upper_ring_02"},{"name":"gold element_up","bone":"gong_pos","attachment":"gold element_up"},{"name":"l_lower_ring_sdw","bone":"sh","attachment":"l_lower_ring_sdw"},{"name":"l_middle_stick","bone":"chain_left","attachment":"l_middle_stick"},{"name":"l_lower_ring_01","bone":"chain_left","attachment":"l_lower_ring_01"},{"name":"l_upper_ring_sdw","bone":"chain_left","attachment":"l_upper_ring_sdw"},{"name":"l_upper_ring_01","bone":"chain_left","attachment":"l_upper_ring_01"},{"name":"r_lower_ring_sdw","bone":"sh","attachment":"r_lower_ring_sdw"},{"name":"r_middle_stick","bone":"chain_right","attachment":"r_middle_stick"},{"name":"r_lower_ring_01","bone":"chain_right","attachment":"r_lower_ring_01"},{"name":"r_upper_ring_sdw","bone":"chain_right","attachment":"r_upper_ring_sdw"},{"name":"r_upper_ring_01","bone":"chain_right","attachment":"r_upper_ring_01"},{"name":"coins","bone":"coins","attachment":"coins"},{"name":"WIN","bone":"bigwin","attachment":"WIN"},{"name":"counter","bone":"counter","attachment":"counter"},{"name":"boom_light","bone":"boom_light","attachment":"boom_light_14","blend":"additive"}],"skins":{"default":{"WIN":{"WIN":{"x":-11,"y":-45.85,"width":1072,"height":372}},"body":{"body":{"type":"mesh","uvs":[0.99945,0.49593,0.99945,0.99891,0.50942,0.99891,5.5E-4,0.99891,5.5E-4,0.51242,5.5E-4,0.00109,0.5034,0.00109,0.99945,0.00109,0.50191,0.50191],"triangles":[8,6,7,8,5,6,0,8,7,4,5,8,3,4,8,1,2,8,3,8,2,1,8,0],"vertices":[456.63,-357.87,456.63,-818.6,9.72,-818.6,-454.37,-818.6,-454.37,-372.98,-454.37,95.4,4.22,95.4,456.63,95.4,2.88,-363.35],"hull":8,"edges":[2,16,16,10,6,16,16,14,6,8,8,10,16,8,2,0,0,14,16,0,10,12,12,14,16,12,2,4,4,6,16,4,14,2],"width":912,"height":916}},"body_add":{"body":{"type":"mesh","uvs":[0.99945,0.49593,0.99945,0.99891,0.50942,0.99891,5.5E-4,0.99891,5.5E-4,0.51242,5.5E-4,0.00109,0.5034,0.00109,0.99945,0.00109,0.50191,0.50191],"triangles":[8,6,7,8,5,6,0,8,7,4,5,8,3,4,8,1,2,8,3,8,2,1,8,0],"vertices":[456.63,-357.87,456.63,-818.6,9.72,-818.6,-454.37,-818.6,-454.37,-372.98,-454.37,95.4,4.22,95.4,456.63,95.4,2.88,-363.35],"hull":8,"edges":[2,16,16,10,6,16,16,14,6,8,8,10,16,8,2,0,0,14,16,0,10,12,12,14,16,12,2,4,4,6,16,4,14,2],"width":912,"height":916}},"body_dark":{"body":{"type":"mesh","uvs":[0.99945,0.49593,0.99945,0.99891,0.50942,0.99891,5.5E-4,0.99891,5.5E-4,0.51242,5.5E-4,0.00109,0.5034,0.00109,0.99945,0.00109,0.50191,0.50191],"triangles":[8,6,7,8,5,6,0,8,7,4,5,8,3,4,8,1,2,8,3,8,2,1,8,0],"vertices":[456.63,-357.87,456.63,-818.6,9.72,-818.6,-454.37,-818.6,-454.37,-372.98,-454.37,95.4,4.22,95.4,456.63,95.4,2.88,-363.35],"hull":8,"edges":[2,16,16,10,6,16,16,14,6,8,8,10,16,8,2,0,0,14,16,0,10,12,12,14,16,12,2,4,4,6,16,4,14,2],"width":912,"height":916}},"boom_light":{"boom_light_00":{"width":560,"height":360},"boom_light_01":{"width":560,"height":360},"boom_light_02":{"width":560,"height":360},"boom_light_03":{"width":560,"height":360},"boom_light_04":{"width":560,"height":360},"boom_light_05":{"width":560,"height":360},"boom_light_06":{"width":560,"height":360},"boom_light_07":{"width":560,"height":360},"boom_light_08":{"width":560,"height":360},"boom_light_09":{"width":560,"height":360},"boom_light_10":{"width":560,"height":360},"boom_light_11":{"width":560,"height":360},"boom_light_12":{"width":560,"height":360},"boom_light_13":{"width":560,"height":360},"boom_light_14":{"width":560,"height":360}},"coins":{"coins":{"width":4,"height":4}},"counter":{"counter":{"y":-14.13,"width":2,"height":2}},"glow":{"glow":{"type":"mesh","uvs":[0.99716,0.48318,0.99716,0.99856,0.49785,0.99856,0.00284,0.99856,0.00284,0.49916,0.00284,0.00144,0.50575,0.00144,0.99716,0.00144,0.49651,0.4965],"triangles":[8,6,7,8,5,6,0,8,7,4,5,8,3,4,8,1,2,8,3,8,2,1,8,0],"vertices":[515.3,49.17,515.3,-488.89,-11.97,-488.89,-534.7,-488.89,-534.7,32.49,-534.7,552.11,-3.63,552.11,515.3,552.11,-13.38,35.27],"hull":8,"edges":[2,16,16,10,14,16,16,6,6,8,8,10,16,8,2,0,0,14,16,0,10,12,12,14,16,12,2,4,4,6,16,4],"width":352,"height":348}},"gold element_up":{"gold element_up":{"y":-23.71,"width":620,"height":52}},"l_lower_ring_01":{"l_lower_ring_01":{"x":12.1,"y":-127.89,"width":44,"height":88}},"l_lower_ring_02":{"l_lower_ring_02":{"x":20.56,"y":-112.04,"width":28,"height":44}},"l_lower_ring_sdw":{"l_lower_ring_sdw":{"x":-231.75,"y":-46.62,"width":36,"height":48}},"l_middle_stick":{"l_middle_stick":{"x":12.1,"y":-68.07,"width":20,"height":80}},"l_upper_ring_01":{"l_upper_ring_01":{"x":5.1,"y":-22.82,"width":32,"height":56}},"l_upper_ring_02":{"l_upper_ring_02":{"x":18.06,"y":-28.78,"width":20,"height":32}},"l_upper_ring_sdw":{"l_upper_ring_sdw":{"x":10.1,"y":-6.82,"width":20,"height":20}},"mask":{"mask":{"scaleX":480,"scaleY":270,"width":4,"height":4}},"r_lower_ring_01":{"r_lower_ring_01":{"x":-13.24,"y":-132.89,"width":44,"height":84}},"r_lower_ring_02":{"r_lower_ring_02":{"x":-19.63,"y":-114.83,"width":24,"height":40}},"r_lower_ring_sdw":{"r_lower_ring_sdw":{"x":227.81,"y":-45.77,"width":36,"height":48}},"r_middle_stick":{"r_middle_stick":{"x":-13.47,"y":-69.94,"width":20,"height":84}},"r_upper_ring_01":{"r_upper_ring_01":{"x":-6.74,"y":-25.61,"width":32,"height":52}},"r_upper_ring_02":{"r_upper_ring_02":{"x":-20.58,"y":-29.79,"width":20,"height":32}},"r_upper_ring_sdw":{"r_upper_ring_sdw":{"x":-11.24,"y":-9.61,"width":20,"height":20}}}},"events":{"endLoop":{},"event_coins_explosion":{},"startLoop":{}},"animations":{"big_win_all":{"slots":{"WIN":{"color":[{"time":0,"color":"ffffff00","curve":"stepped"},{"time":0.3333,"color":"ffffff00","curve":[0.25,0,0.75,1]},{"time":0.4333,"color":"ffffffff","curve":"stepped"},{"time":4.6,"color":"ffffffff","curve":[0.25,0,0.75,1]},{"time":4.7667,"color":"ffffff00"}]},"body_add":{"color":[{"time":0.4667,"color":"ffffff00"},{"time":0.5667,"color":"ffffffad"},{"time":1.1,"color":"ffffff34"},{"time":1.4333,"color":"ffffff00"},{"time":1.7667,"color":"ffffff34"},{"time":2.1667,"color":"ffffff00","curve":"stepped"},{"time":2.6667,"color":"ffffff00"}]},"body_dark":{"color":[{"time":1.1,"color":"e8790f00"},{"time":1.4333,"color":"72440128"},{"time":1.7667,"color":"e8790f00"},{"time":2.1667,"color":"73440126"},{"time":2.6667,"color":"e8790f00"}]},"boom_light":{"attachment":[{"time":0,"name":null},{"time":0.4667,"name":null},{"time":0.5,"name":"boom_light_00"},{"time":0.5333,"name":"boom_light_01"},{"time":0.5667,"name":"boom_light_02"},{"time":0.6,"name":"boom_light_03"},{"time":0.6333,"name":"boom_light_04"},{"time":0.6667,"name":"boom_light_05"},{"time":0.7,"name":"boom_light_06"},{"time":0.7333,"name":"boom_light_07"},{"time":0.7667,"name":"boom_light_08"},{"time":0.8,"name":"boom_light_09"},{"time":0.8333,"name":"boom_light_10"},{"time":0.8667,"name":"boom_light_11"},{"time":0.9,"name":"boom_light_12"},{"time":0.9333,"name":"boom_light_13"},{"time":0.9667,"name":"boom_light_14"},{"time":1,"name":null}]},"counter":{"color":[{"time":0,"color":"ffffff00","curve":"stepped"},{"time":0.2667,"color":"ffffff00","curve":[0.25,0,0.75,1]},{"time":0.4667,"color":"ffffffff","curve":"stepped"},{"time":4.5,"color":"ffffffff","curve":[0.25,0,0.75,1]},{"time":4.6667,"color":"ffffff00"}]},"glow":{"color":[{"time":0,"color":"ffffff00"},{"time":0.1333,"color":"ffffffff","curve":"stepped"},{"time":2.8333,"color":"ffffffff"}]},"mask":{"color":[{"time":0,"color":"ffffff00"},{"time":0.3333,"color":"ffffffff","curve":"stepped"},{"time":4.5,"color":"ffffffff"},{"time":4.9,"color":"ffffff00"}]}},"bones":{"sh":{"translate":[{"time":0,"x":0,"y":0,"curve":"stepped"},{"time":0.5,"x":0,"y":0,"curve":[0.303,0.01,0.645,0.41]},{"time":1.1,"x":0,"y":14.04,"curve":[0.364,0.34,0.768,1]},{"time":2.8333,"x":0,"y":4.06}],"scale":[{"time":0,"x":1,"y":1.06},{"time":0.5,"x":1,"y":1.005,"curve":[0.303,0.01,0.645,0.41]},{"time":1.1,"x":1,"y":1.155,"curve":[0.364,0.34,0.768,1]},{"time":2.8333,"x":1,"y":1.005}]},"gong_pos":{"translate":[{"time":0,"x":0,"y":993.24,"curve":[0.39,0,0.75,1]},{"time":0.3667,"x":0,"y":0,"curve":"stepped"},{"time":4.3667,"x":0,"y":0,"curve":"stepped"},{"time":4.5,"x":0,"y":0},{"time":4.6,"x":0,"y":-68.92,"curve":[0.25,0,0.75,1]},{"time":4.9,"x":0,"y":993.24}],"scale":[{"time":0,"x":1,"y":1,"curve":"stepped"},{"time":4.3667,"x":1,"y":1},{"time":4.5,"x":1,"y":1.02,"curve":[0.25,0,0.75,1]},{"time":4.8,"x":1,"y":1}]},"bigwin":{"translate":[{"time":0,"x":0,"y":661.55,"curve":"stepped"},{"time":0.3333,"x":0,"y":661.55,"curve":[0.477,0,1,0.84]},{"time":0.4667,"x":0,"y":-27.01,"curve":[0.25,0,0.358,1]},{"time":0.7,"x":0,"y":6.19,"curve":[0.302,0.09,0.638,0.45]},{"time":3.8667,"x":0,"y":25.65,"curve":[0.329,0.31,0.662,0.65]},{"time":4.5,"x":0,"y":27.01}],"scale":[{"time":0,"x":2.317,"y":2.317,"curve":"stepped"},{"time":0.3333,"x":2.317,"y":2.317,"curve":[0.875,0,1,0.84]},{"time":0.4667,"x":0.767,"y":0.767,"curve":[0.25,0,0.358,1]},{"time":0.7,"x":1,"y":1,"curve":[0.295,0,0.632,0.37]},{"time":3.8667,"x":1.1,"y":1.1,"curve":"stepped"},{"time":4.3333,"x":1.1,"y":1.1,"curve":[0.244,0,0.641,0.57]},{"time":4.6,"x":1.3,"y":1.3,"curve":[0.382,0.56,0.74,1]},{"time":4.7667,"x":0.2,"y":0.2}]},"counter":{"translate":[{"time":0,"x":0,"y":-392.74,"curve":"stepped"},{"time":0.2667,"x":0,"y":-392.74,"curve":[0.25,0,0.75,1]},{"time":0.4667,"x":0,"y":0,"curve":"stepped"},{"time":4.5,"x":0,"y":0}],"scale":[{"time":0.4667,"x":1,"y":1,"curve":[0.366,0,0.665,0.43]},{"time":3.5,"x":1.2,"y":1.2,"curve":[0.311,0.49,0.48,0.64]},{"time":3.8667,"x":1.56,"y":1.56},{"time":4,"x":0.9,"y":0.9},{"time":4.1667,"x":1.2,"y":1.2,"curve":"stepped"},{"time":4.3333,"x":1.2,"y":1.2,"curve":[0.254,0,0.621,0.47]},{"time":4.5,"x":1.3,"y":1.3,"curve":[0.254,0,0.621,0.47]},{"time":4.6667,"x":0.2,"y":0.2}]},"gong_scale":{"translate":[{"time":0.4667,"x":0,"y":0,"curve":"stepped"},{"time":0.9333,"x":0,"y":0}],"scale":[{"time":0.4667,"x":1,"y":1,"curve":[0.591,0.01,0.77,1]},{"time":0.5333,"x":0.976,"y":0.6,"curve":[0.385,0.01,0.688,0.43]},{"time":0.8,"x":0.997,"y":0.946,"curve":[0.263,0.6,0.621,0.97]},{"time":0.9333,"x":1,"y":1}]},"chain_right":{"rotate":[{"time":0.5,"angle":0,"curve":[0.3,0.01,0.645,0.42]},{"time":0.6333,"angle":-2.4,"curve":[0.371,0.38,0.767,1]},{"time":0.9333,"angle":0,"curve":"stepped"},{"time":2.8333,"angle":0}],"scale":[{"time":0.5,"x":1,"y":1,"curve":[0.309,0,0.77,1]},{"time":0.6333,"x":1,"y":1.06,"curve":[0.309,0,0.77,1]},{"time":0.9333,"x":1,"y":1}]},"chain_left":{"rotate":[{"time":0.5,"angle":0,"curve":[0.3,0.01,0.645,0.42]},{"time":0.6333,"angle":4.91,"curve":[0.371,0.38,0.767,1]},{"time":0.9333,"angle":0,"curve":"stepped"},{"time":2.8333,"angle":0}],"scale":[{"time":0.5,"x":1,"y":1,"curve":[0.309,0,0.77,1]},{"time":0.6333,"x":1,"y":1.075,"curve":[0.309,0,0.77,1]},{"time":0.9333,"x":1,"y":1}]},"gong_shaking":{"translate":[{"time":0.4667,"x":0,"y":0,"curve":[0.297,0,0.634,0.37]},{"time":0.5333,"x":-7.17,"y":0,"curve":[0.312,0.24,0.648,0.59]},{"time":0.6,"x":4.66,"y":-2.47,"curve":[0.337,0.35,0.758,1]},{"time":0.6667,"x":-2.04,"y":5.79,"curve":[0.25,0,0.75,1]},{"time":0.7333,"x":-3.04,"y":-3.74,"curve":[0.25,0,0.75,1]},{"time":0.8,"x":5.02,"y":-2.11,"curve":[0.25,0,0.75,1]},{"time":0.8667,"x":-4,"y":-1.01,"curve":[0.25,0,0.75,1]},{"time":0.9667,"x":0,"y":0}]}},"deform":{"default":{"body":{"body":[{"time":0.5},{"time":0.6333,"vertices":[-27.06943,0,-38.45633,0,-0.78148,0,46.5097,0,27.37207,0,18.57043,-7.33936,-0.12625,-7.33936,-18.57043,-7.33936],"curve":[0.299,0.29,0.75,1]},{"time":1.1,"vertices":[20.38962,0,36.42627,-14.3703,1.01654,-17.95294,-43.00076,-19.77142,-20.4418,0,-10,0,0,-1.68823,0,0,0.05216,21.94684],"curve":[0.507,0.5,0.75,1]},{"time":1.4333,"offset":2,"vertices":[-16.807,55.22314,1.0E-5,55.22314,14.40602,55.22314,0,0,-10,0,0,0,2,0,0,-6.59698],"curve":[0.283,0.3,0.75,1]},{"time":1.7667,"vertices":[20.38962,0,22.42627,-8.42963,1.01655,-7.95294,-20.00076,-5.81097,-20.4418,0,-10,0,0,-1.68823,0,0,0.05216,18.89795],"curve":[0.327,0.3,0.75,1]},{"time":2.1667,"offset":2,"vertices":[-10,20,0,20,11,20,0,0,-10,0,0,0,0,0,0,-5.94391],"curve":[0.19,0.2,0.75,1]},{"time":2.6667}]},"body_add":{"body":[{"time":0.5},{"time":0.6333,"vertices":[-27.06943,0,-38.45633,0,-0.78148,0,46.5097,0,27.37207,0,18.57043,-7.33936,-0.12625,-7.33936,-18.57043,-7.33936]},{"time":1.1,"vertices":[20.38962,0,36.42627,-14.3703,1.01655,-7.95294,-33.00076,-9.77142,-20.4418,0,0,0,0,-1.68823,0,0,0.05216,21.94684]},{"time":1.4333,"vertices":[20.38962,0,36.42627,49.17371,1.01656,55.59106,-33.00077,53.77258,-20.4418,0,0,0,0,-1.68823,0,0,0.05216,21.94684],"curve":[0.25,0,0.75,1]},{"time":1.7667,"vertices":[20.38962,0,36.42627,-14.3703,1.01655,-7.95294,-33.00076,-9.77142,-20.4418,0,0,0,0,-1.68823,0,0,0.05216,21.94684]},{"time":2.1667,"vertices":[20.38962,0,36.42627,9.96576,1.01655,16.38312,-33.00076,14.56464,-20.4418,0,0,0,0,-1.68823,0,0,0.05216,21.94684],"curve":[0.25,0,0.75,1]},{"time":2.6667,"vertices":[20.38962,0,36.42627,-14.3703,1.01655,-7.95294,-33.00076,-9.77142,-20.4418,0,0,0,0,-1.68823,0,0,0.05216,21.94684]}]},"body_dark":{"body":[{"time":0.5},{"time":0.6333,"vertices":[-27.06943,0,-38.45633,0,-0.78148,0,46.5097,0,27.37207,0,18.57043,-7.33936,-0.12625,-7.33936,-18.57043,-7.33936],"curve":[0.299,0.29,0.75,1]},{"time":1.1,"vertices":[20.38962,0,36.42627,-14.3703,1.01654,-17.95294,-43.00076,-19.77142,-20.4418,0,-10,0,0,-1.68823,0,0,0.05216,21.94684],"curve":[0.507,0.5,0.75,1]},{"time":1.4333,"offset":2,"vertices":[-16.807,55.22314,1.0E-5,55.22314,14.40602,55.22314,0,0,-10,0,0,0,2,0,0,-12.005],"curve":[0.283,0.3,0.75,1]},{"time":1.7667,"vertices":[20.38962,0,22.42627,-8.42963,1.01655,-7.95294,-20.00076,-5.81097,-20.4418,0,-10,0,0,-1.68823,0,0,0.05216,4.02594],"curve":[0.327,0.3,0.75,1]},{"time":2.1667,"offset":2,"vertices":[-10,20,0,20,11,20,0,0,-10,0,0,0,0,0,0,-10],"curve":[0.19,0.2,0.75,1]},{"time":2.6667}]},"glow":{"glow":[{"time":0.5},{"time":0.6333,"vertices":[-27.06943,0,-38.45633,0,-0.78148,0,46.5097,0,27.37207,0,18.57043,-7.33936,-0.12625,-7.33936,-18.57043,-7.33936],"curve":[0.299,0.29,0.75,1]},{"time":1.1,"vertices":[20.38962,0,36.42627,-14.3703,1.01654,-17.95294,-43.00076,-19.77142,-20.4418,0,-10,0,0,-1.68823,0,0,0.05216,21.94684],"curve":[0.507,0.5,0.75,1]},{"time":1.4333,"offset":2,"vertices":[-16.807,55.22314,1.0E-5,55.22314,14.40602,55.22314,0,0,-10,0,0,0,2,0,0,-6.59698],"curve":[0.283,0.3,0.75,1]},{"time":1.7667,"vertices":[20.38962,0,22.42627,-8.42963,1.01655,-7.95294,-20.00076,-5.81097,-20.4418,0,-10,0,0,-1.68823,0,0,0.05216,18.89795],"curve":[0.327,0.3,0.75,1]},{"time":2.1667,"offset":2,"vertices":[-10,20,0,20,11,20,0,0,-10,0,0,0,0,0,0,-5.94391],"curve":[0.19,0.2,0.75,1]},{"time":2.6667}]}}},"events":[{"time":0.5,"name":"event_coins_explosion"},{"time":1.4,"name":"event_coins_explosion"},{"time":2.4333,"name":"event_coins_explosion"},{"time":2.8333,"name":"startLoop"},{"time":3.8333,"name":"event_coins_explosion"},{"time":3.8667,"name":"endLoop"}]}}}